test,count,CPU,GPU,GPU_TEMP,RAM_USED,VRAM_USED
multi-robot,1,"[48.1, 5.4, 31.6, 11.6, 13.1, 24.3, 33.5, 14.4, 5.7, 4.7, 10.9, 6.5, 36.0, 53.9, 12.1, 12.2]",96,49,17442242560,570
multi-robot,1,"[50.0, 0.0, 23.5, 23.5, 17.6, 11.8, 17.6, 11.8, 5.9, 11.8, 17.6, 5.9, 88.2, 11.8, 11.8, 11.8]",94,49,17400897536,570
multi-robot,1,"[63.2, 6.2, 12.5, 0.0, 12.5, 6.2, 43.8, 25.0, 6.2, 6.2, 31.2, 0.0, 62.5, 12.5, 25.0, 37.5]",94,49,17359908864,570
multi-robot,1,"[50.0, 0.0, 31.2, 12.5, 17.6, 6.2, 25.0, 25.0, 6.2, 6.2, 6.2, 0.0, 50.0, 6.2, 12.5, 0.0]",94,49,17328492544,570
multi-robot,1,"[43.8, 0.0, 33.3, 13.3, 6.7, 0.0, 60.0, 0.0, 0.0, 0.0, 6.7, 0.0, 26.7, 0.0, 0.0, 0.0]",94,49,17322864640,570
multi-robot,1,"[29.4, 0.0, 25.0, 25.0, 6.2, 0.0, 50.0, 25.0, 6.2, 0.0, 6.2, 0.0, 6.2, 6.2, 0.0, 0.0]",95,49,17330262016,570
multi-robot,1,"[33.3, 0.0, 26.7, 26.7, 6.7, 0.0, 46.7, 13.3, 6.7, 0.0, 6.7, 0.0, 13.3, 6.7, 6.7, 0.0]",95,50,17323618304,570
multi-robot,1,"[44.4, 0.0, 25.0, 18.8, 12.5, 6.2, 31.2, 18.8, 6.2, 0.0, 6.2, 0.0, 43.8, 6.2, 6.2, 0.0]",95,50,17329459200,570
multi-robot,1,"[57.9, 0.0, 56.2, 18.8, 52.9, 6.2, 37.5, 29.4, 12.5, 6.2, 12.5, 0.0, 50.0, 18.8, 12.5, 6.2]",95,50,17335037952,570
multi-robot,1,"[52.6, 11.8, 35.3, 41.2, 41.2, 5.9, 64.7, 27.8, 41.2, 0.0, 17.6, 0.0, 41.2, 23.5, 17.6, 0.0]",95,50,17340723200,570
multi-robot,1,"[65.0, 6.2, 18.8, 47.1, 25.0, 6.2, 18.8, 43.8, 6.2, 5.9, 37.5, 6.2, 52.9, 12.5, 18.8, 0.0]",95,50,17345056768,570
multi-robot,1,"[58.8, 0.0, 25.0, 25.0, 50.0, 12.5, 37.5, 31.2, 6.2, 6.2, 31.2, 6.2, 50.0, 6.2, 25.0, 0.0]",95,50,17330974720,570
multi-robot,1,"[91.7, 6.2, 31.2, 50.0, 25.0, 0.0, 43.8, 35.3, 6.2, 0.0, 12.5, 0.0, 25.0, 0.0, 43.8, 0.0]",95,50,17327939584,570
multi-robot,1,"[64.7, 0.0, 56.2, 37.5, 20.0, 0.0, 43.8, 25.0, 13.3, 0.0, 20.0, 0.0, 26.7, 13.3, 13.3, 13.3]",94,50,17284055040,570
multi-robot,1,"[75.0, 0.0, 26.7, 46.7, 26.7, 26.7, 33.3, 20.0, 6.7, 0.0, 20.0, 0.0, 13.3, 46.7, 26.7, 0.0]",94,51,17008316416,570
multi-robot,1,"[86.4, 6.2, 31.2, 6.2, 25.0, 0.0, 18.8, 56.2, 0.0, 0.0, 25.0, 0.0, 43.8, 0.0, 37.5, 0.0]",94,51,17007816704,570
multi-robot,1,"[72.7, 11.8, 43.8, 31.2, 25.0, 25.0, 25.0, 31.2, 25.0, 6.2, 25.0, 25.0, 31.2, 31.2, 12.5, 6.2]",94,51,16811233280,570
multi-robot,1,"[75.0, 23.5, 47.1, 35.3, 66.7, 0.0, 47.1, 23.5, 11.8, 5.9, 27.8, 0.0, 35.3, 11.8, 29.4, 0.0]",94,51,16871137280,570
multi-robot,1,"[77.8, 18.8, 37.5, 26.7, 46.7, 6.7, 13.3, 66.7, 13.3, 0.0, 6.7, 0.0, 40.0, 0.0, 20.0, 0.0]",94,51,16983257088,570
multi-robot,1,"[94.7, 0.0, 56.2, 25.0, 37.5, 6.2, 35.3, 31.2, 6.2, 0.0, 6.2, 6.2, 18.8, 6.2, 25.0, 6.2]",94,51,17092493312,570
multi-robot,2,"[39.5, 2.1, 34.4, 16.3, 20.2, 2.4, 39.7, 17.3, 6.7, 0.8, 10.4, 1.3, 10.2, 2.1, 12.4, 1.3]",95,55,25796698112,587
multi-robot,2,"[57.9, 0.0, 12.5, 38.9, 31.2, 0.0, 43.8, 12.5, 0.0, 0.0, 0.0, 0.0, 43.8, 0.0, 12.5, 0.0]",95,55,25831055360,587
multi-robot,2,"[38.9, 6.2, 25.0, 12.5, 12.5, 0.0, 52.9, 12.5, 0.0, 0.0, 6.2, 6.2, 25.0, 6.2, 12.5, 0.0]",95,55,25837903872,587
multi-robot,2,"[45.0, 0.0, 47.1, 5.9, 17.6, 0.0, 47.1, 23.5, 11.8, 0.0, 16.7, 0.0, 35.3, 0.0, 27.8, 0.0]",97,55,25858322432,587
multi-robot,2,"[18.8, 0.0, 57.9, 6.2, 18.8, 0.0, 47.1, 25.0, 0.0, 0.0, 0.0, 6.2, 31.2, 0.0, 18.8, 6.2]",97,55,25871314944,587
multi-robot,2,"[60.0, 0.0, 50.0, 5.9, 11.8, 0.0, 57.9, 23.5, 5.9, 0.0, 11.8, 0.0, 23.5, 0.0, 5.9, 0.0]",97,55,25887027200,587
multi-robot,2,"[57.9, 6.2, 18.8, 37.5, 18.8, 0.0, 50.0, 12.5, 12.5, 0.0, 6.2, 0.0, 25.0, 0.0, 12.5, 0.0]",97,56,25890275328,587
multi-robot,2,"[57.1, 0.0, 31.2, 31.2, 12.5, 0.0, 43.8, 18.8, 0.0, 0.0, 0.0, 0.0, 43.8, 0.0, 17.6, 0.0]",97,56,25951637504,587
multi-robot,2,"[41.2, 5.9, 17.6, 44.4, 44.4, 0.0, 23.5, 17.6, 11.8, 0.0, 11.8, 0.0, 47.1, 0.0, 23.5, 0.0]",97,55,26022715392,587
multi-robot,2,"[50.0, 0.0, 31.2, 35.3, 35.3, 0.0, 31.2, 43.8, 6.2, 0.0, 25.0, 0.0, 25.0, 0.0, 12.5, 0.0]",97,55,26136899584,587
multi-robot,2,"[78.3, 0.0, 11.8, 38.9, 42.1, 0.0, 12.5, 38.9, 0.0, 0.0, 11.8, 0.0, 17.6, 0.0, 17.6, 0.0]",97,56,26232696832,587
multi-robot,2,"[47.4, 0.0, 12.5, 25.0, 43.8, 0.0, 35.3, 47.1, 6.2, 0.0, 0.0, 0.0, 43.8, 5.9, 12.5, 0.0]",97,56,26296172544,587
multi-robot,2,"[85.0, 0.0, 66.7, 29.4, 66.7, 0.0, 64.7, 35.3, 23.5, 0.0, 29.4, 0.0, 35.3, 0.0, 55.6, 11.8]",97,56,26293972992,587
multi-robot,2,"[79.2, 11.1, 52.9, 29.4, 55.6, 5.9, 70.6, 27.8, 47.1, 0.0, 47.1, 0.0, 29.4, 5.9, 55.6, 0.0]",97,56,26303676416,587
multi-robot,2,"[72.2, 6.2, 37.5, 18.8, 50.0, 0.0, 31.2, 12.5, 12.5, 0.0, 47.1, 0.0, 31.2, 0.0, 61.1, 0.0]",97,56,26302963712,587
multi-robot,2,"[78.3, 0.0, 38.9, 44.4, 55.6, 0.0, 57.9, 16.7, 44.4, 0.0, 63.2, 0.0, 27.8, 0.0, 38.9, 0.0]",97,56,26303328256,587
multi-robot,2,"[81.0, 5.9, 47.1, 52.9, 55.6, 11.8, 52.9, 29.4, 23.5, 5.9, 47.1, 0.0, 47.1, 5.9, 64.7, 0.0]",97,57,26297360384,587
multi-robot,2,"[80.0, 5.9, 17.6, 47.1, 58.8, 0.0, 77.8, 11.8, 23.5, 6.2, 29.4, 6.2, 29.4, 6.2, 47.1, 12.5]",97,57,26306834432,590
multi-robot,2,"[75.0, 0.0, 47.1, 31.2, 64.7, 0.0, 33.3, 43.8, 18.8, 0.0, 12.5, 0.0, 56.2, 0.0, 25.0, 0.0]",96,57,26331242496,587
multi-robot,2,"[84.2, 0.0, 52.9, 33.3, 41.2, 5.9, 50.0, 29.4, 27.8, 0.0, 23.5, 0.0, 16.7, 5.9, 61.1, 0.0]",96,57,26334920704,587
multi-robot,3,"[59.7, 3.9, 63.5, 12.0, 39.5, 0.9, 26.8, 48.9, 13.7, 0.9, 19.8, 0.9, 14.3, 2.6, 29.8, 1.3]",95,53,30276612096,586
multi-robot,3,"[88.2, 0.0, 73.7, 6.2, 62.5, 6.2, 29.4, 56.2, 18.8, 0.0, 31.2, 12.5, 37.5, 31.2, 64.7, 0.0]",95,53,30285385728,586
multi-robot,3,"[44.4, 5.9, 55.6, 23.5, 47.1, 0.0, 11.8, 77.8, 5.9, 0.0, 22.2, 0.0, 29.4, 0.0, 29.4, 5.9]",98,53,30285320192,586
multi-robot,3,"[66.7, 11.8, 63.2, 44.4, 66.7, 5.9, 29.4, 64.7, 57.9, 11.8, 38.9, 5.9, 35.3, 29.4, 33.3, 11.8]",98,53,30295363584,586
multi-robot,3,"[80.0, 11.8, 52.9, 11.8, 29.4, 11.8, 29.4, 70.6, 11.8, 5.9, 23.5, 5.9, 23.5, 11.8, 41.2, 5.9]",98,54,30312972288,586
multi-robot,3,"[46.7, 0.0, 40.0, 26.7, 33.3, 0.0, 86.7, 25.0, 13.3, 0.0, 6.7, 0.0, 33.3, 0.0, 13.3, 0.0]",98,54,30314930176,586
multi-robot,3,"[23.5, 0.0, 12.5, 6.2, 12.5, 0.0, 31.2, 18.8, 0.0, 0.0, 12.5, 0.0, 25.0, 0.0, 0.0, 0.0]",98,54,30314921984,586
multi-robot,3,"[25.0, 0.0, 13.3, 0.0, 13.3, 0.0, 20.0, 20.0, 0.0, 0.0, 20.0, 0.0, 40.0, 6.7, 6.7, 0.0]",98,54,30318260224,586
multi-robot,3,"[25.0, 0.0, 18.8, 6.2, 0.0, 0.0, 18.8, 12.5, 0.0, 0.0, 0.0, 0.0, 25.0, 0.0, 6.2, 0.0]",98,54,30314831872,586
multi-robot,3,"[38.9, 0.0, 20.0, 0.0, 6.7, 0.0, 6.7, 13.3, 0.0, 0.0, 0.0, 0.0, 26.7, 6.7, 13.3, 0.0]",98,54,30314569728,586
multi-robot,3,"[38.9, 0.0, 18.8, 0.0, 12.5, 0.0, 25.0, 6.2, 0.0, 0.0, 12.5, 0.0, 25.0, 0.0, 18.8, 0.0]",99,55,30314565632,586
multi-robot,3,"[13.3, 0.0, 6.7, 6.7, 0.0, 6.7, 13.3, 13.3, 6.7, 0.0, 0.0, 0.0, 26.7, 0.0, 6.7, 0.0]",99,55,30319411200,586
multi-robot,3,"[27.8, 0.0, 25.0, 6.2, 6.2, 6.2, 25.0, 6.2, 6.2, 0.0, 0.0, 6.2, 25.0, 0.0, 0.0, 0.0]",99,55,30319411200,586
multi-robot,3,"[18.8, 0.0, 6.7, 6.7, 0.0, 0.0, 6.7, 0.0, 0.0, 0.0, 0.0, 0.0, 26.7, 6.7, 0.0, 0.0]",99,55,30319120384,586
multi-robot,3,"[12.5, 0.0, 25.0, 18.8, 0.0, 0.0, 18.8, 12.5, 6.2, 0.0, 0.0, 0.0, 37.5, 0.0, 0.0, 0.0]",99,55,30318841856,586
multi-robot,3,"[38.9, 6.7, 6.7, 6.7, 6.7, 0.0, 0.0, 6.7, 0.0, 0.0, 0.0, 0.0, 20.0, 0.0, 13.3, 0.0]",99,55,30319710208,586
multi-robot,3,"[6.2, 0.0, 25.0, 0.0, 0.0, 0.0, 12.5, 18.8, 6.2, 0.0, 0.0, 6.2, 25.0, 0.0, 0.0, 6.2]",99,55,30319329280,586
multi-robot,3,"[35.3, 0.0, 20.0, 0.0, 6.7, 0.0, 26.7, 12.5, 0.0, 0.0, 6.7, 0.0, 26.7, 13.3, 0.0, 0.0]",99,55,30319128576,586
multi-robot,3,"[0.0, 0.0, 18.8, 0.0, 0.0, 0.0, 6.2, 6.2, 0.0, 0.0, 6.2, 0.0, 25.0, 0.0, 6.2, 0.0]",98,56,30319116288,586
multi-robot,3,"[6.7, 0.0, 6.7, 0.0, 0.0, 0.0, 6.7, 13.3, 0.0, 0.0, 6.7, 0.0, 33.3, 0.0, 0.0, 0.0]",98,56,30319042560,586
multi-robot,4,"[54.7, 3.4, 41.2, 34.1, 37.8, 1.9, 32.8, 48.4, 15.3, 1.9, 21.6, 0.8, 12.0, 5.3, 33.1, 2.3]",99,54,30915858432,592
multi-robot,4,"[26.7, 0.0, 0.0, 93.3, 6.7, 0.0, 13.3, 46.7, 6.7, 0.0, 0.0, 0.0, 26.7, 6.2, 20.0, 0.0]",99,54,30914961408,592
multi-robot,4,"[44.4, 0.0, 11.8, 35.3, 0.0, 0.0, 17.6, 35.3, 0.0, 5.9, 0.0, 0.0, 41.2, 5.9, 11.8, 0.0]",97,54,30914252800,592
multi-robot,4,"[0.0, 0.0, 13.3, 0.0, 13.3, 0.0, 33.3, 6.7, 0.0, 0.0, 13.3, 0.0, 26.7, 0.0, 0.0, 0.0]",97,54,30914113536,592
multi-robot,4,"[29.4, 0.0, 12.5, 0.0, 18.8, 12.5, 6.2, 6.2, 0.0, 0.0, 6.2, 12.5, 81.2, 0.0, 6.2, 12.5]",97,54,30860455936,592
multi-robot,4,"[22.2, 0.0, 25.0, 6.2, 6.2, 18.8, 25.0, 12.5, 0.0, 0.0, 6.2, 0.0, 56.2, 43.8, 6.2, 6.2]",97,54,30805012480,592
multi-robot,4,"[22.2, 18.8, 25.0, 12.5, 18.8, 12.5, 31.2, 18.8, 6.2, 0.0, 12.5, 0.0, 68.8, 25.0, 6.2, 6.2]",99,54,30754177024,592
multi-robot,4,"[23.5, 0.0, 41.2, 35.3, 17.6, 23.5, 11.8, 11.8, 17.6, 0.0, 11.8, 5.9, 76.5, 11.8, 22.2, 11.8]",99,54,30719447040,595
multi-robot,4,"[29.4, 0.0, 41.2, 29.4, 5.9, 41.2, 58.8, 23.5, 11.8, 0.0, 0.0, 5.9, 76.5, 5.9, 23.5, 22.2]",99,55,30679805952,592
multi-robot,4,"[23.5, 6.2, 25.0, 6.2, 12.5, 18.8, 18.8, 0.0, 6.2, 0.0, 6.2, 0.0, 93.8, 0.0, 0.0, 6.2]",99,55,30636011520,592
multi-robot,4,"[17.6, 0.0, 23.5, 17.6, 5.9, 35.3, 11.8, 5.9, 5.9, 0.0, 5.9, 0.0, 94.1, 5.9, 0.0, 5.9]",99,55,30595383296,592
multi-robot,4,"[18.8, 0.0, 12.5, 18.8, 6.2, 37.5, 31.2, 6.2, 12.5, 0.0, 6.2, 6.2, 100.0, 0.0, 12.5, 0.0]",99,55,30545608704,592
multi-robot,4,"[18.8, 12.5, 18.8, 6.2, 6.2, 6.2, 6.2, 6.2, 12.5, 0.0, 6.2, 0.0, 93.8, 0.0, 12.5, 6.2]",99,55,30519414784,592
multi-robot,4,"[23.5, 0.0, 18.8, 6.2, 0.0, 44.4, 6.2, 18.8, 6.2, 0.0, 6.2, 0.0, 100.0, 0.0, 0.0, 12.5]",99,55,30476398592,592
multi-robot,4,"[41.2, 13.3, 26.7, 0.0, 13.3, 20.0, 12.5, 6.7, 6.7, 6.7, 6.7, 0.0, 100.0, 0.0, 13.3, 6.7]",99,55,30440861696,592
multi-robot,4,"[44.4, 6.2, 31.2, 12.5, 18.8, 18.8, 25.0, 6.2, 12.5, 0.0, 12.5, 0.0, 87.5, 0.0, 6.7, 12.5]",99,55,30403469312,592
multi-robot,4,"[35.3, 6.2, 25.0, 0.0, 0.0, 31.2, 0.0, 12.5, 6.2, 0.0, 12.5, 0.0, 93.8, 6.2, 5.9, 6.2]",99,56,30346235904,592
multi-robot,4,"[25.0, 0.0, 12.5, 12.5, 6.2, 25.0, 25.0, 18.8, 12.5, 0.0, 0.0, 0.0, 93.8, 0.0, 12.5, 6.2]",99,56,30249627648,592
multi-robot,4,"[11.1, 11.8, 23.5, 11.8, 11.8, 5.9, 11.8, 11.8, 0.0, 0.0, 11.8, 0.0, 100.0, 0.0, 0.0, 11.8]",99,56,30183976960,592
multi-robot,4,"[35.3, 0.0, 13.3, 0.0, 20.0, 20.0, 20.0, 13.3, 0.0, 0.0, 6.7, 0.0, 100.0, 0.0, 6.7, 0.0]",99,56,30127656960,592
multi-robot,5,"[51.1, 3.0, 33.7, 24.0, 29.5, 1.8, 33.6, 32.4, 6.8, 1.5, 13.1, 1.5, 6.8, 7.1, 22.8, 1.5]",99,54,33122529280,572
multi-robot,5,"[6.7, 0.0, 0.0, 0.0, 0.0, 0.0, 0.0, 20.0, 0.0, 0.0, 6.2, 0.0, 26.7, 12.5, 0.0, 0.0]",99,54,33120645120,572
multi-robot,5,"[17.6, 0.0, 0.0, 6.2, 0.0, 0.0, 6.2, 18.8, 0.0, 0.0, 0.0, 0.0, 25.0, 0.0, 0.0, 0.0]",99,54,33128738816,572
multi-robot,5,"[6.7, 6.2, 0.0, 13.3, 0.0, 12.5, 6.7, 0.0, 6.7, 0.0, 20.0, 13.3, 40.0, 0.0, 0.0, 0.0]",99,54,33125494784,572
multi-robot,5,"[6.7, 0.0, 20.0, 6.7, 6.7, 6.7, 6.7, 13.3, 0.0, 0.0, 6.7, 0.0, 26.7, 13.3, 0.0, 0.0]",99,55,33123139584,572
multi-robot,5,"[17.6, 0.0, 0.0, 0.0, 0.0, 0.0, 6.2, 0.0, 0.0, 0.0, 12.5, 0.0, 25.0, 12.5, 0.0, 0.0]",99,55,33120727040,572
multi-robot,5,"[31.2, 0.0, 26.7, 6.7, 0.0, 0.0, 26.7, 0.0, 13.3, 0.0, 0.0, 0.0, 6.7, 6.7, 6.7, 0.0]",99,55,33126465536,572
multi-robot,5,"[6.2, 0.0, 18.8, 6.2, 12.5, 0.0, 6.2, 6.2, 0.0, 0.0, 18.8, 6.2, 18.8, 6.2, 12.5, 0.0]",99,55,33122529280,572
multi-robot,5,"[13.3, 0.0, 26.7, 6.7, 6.7, 0.0, 26.7, 6.7, 0.0, 0.0, 20.0, 6.7, 13.3, 6.7, 0.0, 0.0]",98,55,33116463104,572
multi-robot,5,"[11.8, 0.0, 0.0, 18.8, 0.0, 0.0, 12.5, 12.5, 0.0, 0.0, 6.2, 0.0, 12.5, 6.2, 0.0, 0.0]",98,55,33120677888,572
multi-robot,5,"[25.0, 0.0, 18.8, 6.7, 6.7, 0.0, 6.7, 13.3, 0.0, 0.0, 0.0, 0.0, 31.2, 0.0, 0.0, 0.0]",98,55,33122136064,572
multi-robot,5,"[27.8, 6.2, 0.0, 18.8, 0.0, 0.0, 12.5, 0.0, 0.0, 0.0, 6.2, 0.0, 12.5, 12.5, 0.0, 0.0]",98,55,33113632768,572
multi-robot,5,"[6.7, 0.0, 6.7, 13.3, 0.0, 0.0, 20.0, 0.0, 6.7, 0.0, 0.0, 6.7, 20.0, 6.7, 0.0, 0.0]",98,56,33115004928,572
multi-robot,5,"[0.0, 0.0, 12.5, 12.5, 0.0, 0.0, 6.2, 12.5, 6.2, 0.0, 0.0, 0.0, 18.8, 0.0, 6.2, 0.0]",99,56,33109438464,572
multi-robot,5,"[12.5, 0.0, 13.3, 6.7, 20.0, 0.0, 6.7, 6.7, 0.0, 0.0, 13.3, 0.0, 13.3, 6.7, 13.3, 0.0]",99,56,33105907712,572
multi-robot,5,"[12.5, 0.0, 6.2, 18.8, 0.0, 0.0, 6.2, 6.2, 0.0, 0.0, 0.0, 0.0, 18.8, 6.2, 0.0, 0.0]",99,56,33110835200,572
multi-robot,5,"[35.3, 0.0, 6.7, 6.7, 6.7, 0.0, 6.7, 13.3, 0.0, 6.7, 13.3, 0.0, 26.7, 6.7, 6.7, 0.0]",99,56,33102704640,572
multi-robot,5,"[27.8, 0.0, 18.8, 0.0, 0.0, 0.0, 6.2, 6.2, 0.0, 0.0, 6.2, 0.0, 18.8, 6.2, 12.5, 0.0]",99,56,33103380480,572
multi-robot,5,"[0.0, 0.0, 13.3, 6.7, 6.7, 0.0, 20.0, 6.7, 6.7, 0.0, 6.7, 0.0, 6.7, 6.7, 6.7, 0.0]",99,56,33104134144,572
multi-robot,5,"[38.9, 0.0, 18.8, 12.5, 25.0, 0.0, 18.8, 37.5, 6.2, 0.0, 12.5, 6.2, 37.5, 17.6, 17.6, 0.0]",99,56,33116450816,572
multi-robot,6,"[16.5, 1.1, 9.1, 14.6, 7.1, 0.6, 10.5, 7.2, 1.9, 0.0, 4.1, 0.0, 6.9, 6.9, 4.1, 0.3]",99,55,30884679680,572
multi-robot,6,"[0.0, 0.0, 13.3, 13.3, 13.3, 0.0, 26.7, 13.3, 0.0, 0.0, 6.7, 0.0, 13.3, 33.3, 13.3, 0.0]",96,55,30881107968,572
multi-robot,6,"[6.2, 0.0, 12.5, 0.0, 0.0, 0.0, 25.0, 6.2, 6.2, 0.0, 0.0, 0.0, 18.8, 0.0, 6.2, 0.0]",96,55,30882512896,572
multi-robot,6,"[0.0, 0.0, 13.3, 13.3, 0.0, 0.0, 20.0, 6.7, 0.0, 0.0, 6.7, 0.0, 33.3, 0.0, 0.0, 0.0]",96,55,30876008448,572
multi-robot,6,"[12.5, 6.2, 6.2, 0.0, 6.2, 0.0, 6.2, 12.5, 0.0, 0.0, 0.0, 0.0, 25.0, 0.0, 0.0, 0.0]",96,55,30884642816,572
multi-robot,6,"[0.0, 0.0, 7.1, 7.1, 0.0, 0.0, 7.1, 7.1, 0.0, 0.0, 7.1, 0.0, 21.4, 6.7, 0.0, 0.0]",99,55,30882484224,572
multi-robot,6,"[23.5, 0.0, 12.5, 6.2, 0.0, 0.0, 0.0, 6.2, 0.0, 0.0, 6.2, 0.0, 18.8, 0.0, 6.2, 0.0]",99,56,30887809024,572
multi-robot,6,"[18.8, 0.0, 0.0, 0.0, 0.0, 0.0, 6.7, 0.0, 0.0, 0.0, 0.0, 0.0, 26.7, 6.2, 0.0, 0.0]",99,56,30887088128,572
multi-robot,6,"[11.8, 0.0, 0.0, 0.0, 6.2, 0.0, 6.2, 6.2, 0.0, 0.0, 0.0, 0.0, 37.5, 0.0, 0.0, 0.0]",99,56,30886629376,572
multi-robot,6,"[5.9, 0.0, 23.5, 0.0, 5.9, 0.0, 5.9, 11.8, 5.9, 0.0, 5.9, 0.0, 23.5, 5.6, 5.9, 0.0]",99,56,30886080512,572
multi-robot,6,"[18.8, 0.0, 6.2, 6.7, 6.7, 0.0, 0.0, 12.5, 6.7, 0.0, 0.0, 0.0, 12.5, 6.2, 0.0, 0.0]",99,56,30885265408,572
multi-robot,6,"[18.8, 0.0, 7.1, 6.7, 0.0, 0.0, 21.4, 0.0, 6.7, 0.0, 0.0, 0.0, 21.4, 7.1, 6.7, 0.0]",99,56,30887485440,572
multi-robot,6,"[23.5, 0.0, 12.5, 13.3, 6.2, 0.0, 12.5, 6.2, 6.2, 0.0, 0.0, 0.0, 25.0, 0.0, 6.2, 0.0]",99,56,30886187008,572
multi-robot,6,"[12.5, 0.0, 20.0, 6.2, 13.3, 0.0, 0.0, 13.3, 0.0, 0.0, 0.0, 0.0, 26.7, 0.0, 0.0, 0.0]",99,56,30885699584,572
multi-robot,6,"[18.8, 0.0, 6.7, 6.7, 0.0, 6.7, 13.3, 0.0, 6.7, 0.0, 13.3, 6.7, 40.0, 0.0, 26.7, 0.0]",99,56,30894161920,572
multi-robot,6,"[22.2, 0.0, 25.0, 6.2, 0.0, 0.0, 12.5, 0.0, 6.2, 0.0, 6.2, 0.0, 18.8, 0.0, 0.0, 0.0]",99,56,30889914368,572
multi-robot,6,"[0.0, 0.0, 13.3, 13.3, 0.0, 0.0, 0.0, 6.7, 0.0, 0.0, 0.0, 0.0, 20.0, 6.7, 0.0, 0.0]",99,57,30889787392,572
multi-robot,6,"[36.8, 0.0, 6.2, 0.0, 6.7, 0.0, 6.2, 6.2, 0.0, 0.0, 6.2, 0.0, 25.0, 0.0, 0.0, 0.0]",99,57,30889902080,572
multi-robot,6,"[18.8, 0.0, 0.0, 6.7, 6.2, 0.0, 20.0, 0.0, 0.0, 0.0, 13.3, 0.0, 33.3, 6.2, 0.0, 0.0]",99,57,30889435136,572
multi-robot,6,"[12.5, 0.0, 20.0, 6.2, 13.3, 0.0, 25.0, 12.5, 6.7, 0.0, 6.2, 6.2, 31.2, 13.3, 0.0, 6.2]",99,57,30881087488,572
multi-robot,8,"[19.7, 0.4, 11.5, 4.9, 5.3, 0.4, 12.7, 6.6, 1.2, 0.8, 4.5, 0.8, 8.6, 2.9, 5.3, 0.4]",99,54,31051239424,572
multi-robot,8,"[18.8, 0.0, 13.3, 0.0, 0.0, 0.0, 13.3, 0.0, 0.0, 0.0, 6.7, 0.0, 13.3, 0.0, 0.0, 0.0]",99,54,31047614464,572
multi-robot,8,"[6.2, 0.0, 0.0, 12.5, 18.8, 0.0, 18.8, 6.2, 0.0, 0.0, 0.0, 0.0, 25.0, 0.0, 0.0, 0.0]",97,54,31046275072,572
multi-robot,8,"[25.0, 0.0, 20.0, 0.0, 6.7, 0.0, 20.0, 6.7, 0.0, 0.0, 20.0, 0.0, 13.3, 0.0, 0.0, 0.0]",97,54,31054798848,572
multi-robot,8,"[38.9, 0.0, 25.0, 0.0, 25.0, 0.0, 29.4, 0.0, 6.2, 0.0, 6.2, 6.2, 12.5, 0.0, 0.0, 0.0]",97,54,31048581120,572
multi-robot,8,"[6.7, 0.0, 0.0, 6.7, 0.0, 0.0, 20.0, 0.0, 0.0, 0.0, 6.7, 0.0, 26.7, 0.0, 6.7, 0.0]",97,54,31045029888,572
multi-robot,8,"[36.8, 0.0, 18.8, 6.2, 0.0, 0.0, 18.8, 0.0, 0.0, 0.0, 0.0, 0.0, 12.5, 6.7, 0.0, 0.0]",99,54,31045439488,572
multi-robot,8,"[23.5, 0.0, 13.3, 0.0, 0.0, 0.0, 0.0, 0.0, 0.0, 0.0, 0.0, 0.0, 13.3, 6.2, 0.0, 0.0]",99,54,31055360000,572
multi-robot,8,"[0.0, 0.0, 0.0, 6.2, 6.7, 0.0, 25.0, 0.0, 0.0, 0.0, 0.0, 0.0, 13.3, 12.5, 0.0, 0.0]",99,55,31055175680,572
multi-robot,8,"[20.0, 0.0, 12.5, 6.7, 0.0, 0.0, 13.3, 6.7, 6.2, 0.0, 6.2, 0.0, 31.2, 0.0, 6.2, 0.0]",99,55,31054741504,572
multi-robot,8,"[13.3, 0.0, 26.7, 6.7, 6.7, 6.7, 13.3, 13.3, 6.7, 6.7, 13.3, 6.7, 26.7, 0.0, 13.3, 6.7]",99,55,31052238848,572
multi-robot,8,"[0.0, 0.0, 6.2, 6.2, 12.5, 0.0, 6.2, 0.0, 6.2, 0.0, 0.0, 0.0, 25.0, 0.0, 0.0, 0.0]",99,55,31052320768,572
multi-robot,8,"[12.5, 0.0, 0.0, 6.7, 20.0, 0.0, 20.0, 0.0, 0.0, 0.0, 0.0, 0.0, 6.7, 0.0, 6.7, 0.0]",99,55,31056580608,572
multi-robot,8,"[33.3, 0.0, 25.0, 6.2, 6.2, 0.0, 6.2, 12.5, 6.2, 0.0, 0.0, 0.0, 18.8, 0.0, 0.0, 0.0]",99,55,31055933440,572
multi-robot,8,"[0.0, 0.0, 0.0, 26.7, 0.0, 0.0, 26.7, 13.3, 6.7, 0.0, 13.3, 6.7, 20.0, 12.5, 20.0, 0.0]",99,55,31046987776,572
multi-robot,8,"[23.5, 0.0, 12.5, 6.2, 6.2, 0.0, 12.5, 0.0, 6.2, 0.0, 12.5, 0.0, 18.8, 0.0, 0.0, 0.0]",99,55,31046520832,572
multi-robot,8,"[13.3, 0.0, 6.7, 0.0, 13.3, 0.0, 20.0, 6.7, 0.0, 0.0, 20.0, 0.0, 6.7, 6.7, 13.3, 6.7]",99,56,31045783552,572
multi-robot,8,"[6.2, 0.0, 12.5, 6.2, 6.2, 0.0, 18.8, 0.0, 0.0, 0.0, 0.0, 0.0, 12.5, 0.0, 6.2, 0.0]",99,56,31055589376,572
multi-robot,8,"[0.0, 0.0, 6.7, 6.7, 0.0, 0.0, 13.3, 0.0, 6.7, 6.7, 6.7, 0.0, 13.3, 6.7, 0.0, 13.3]",99,56,31055540224,572
multi-robot,8,"[6.2, 0.0, 6.2, 12.5, 12.5, 0.0, 12.5, 6.2, 0.0, 0.0, 6.2, 0.0, 12.5, 6.2, 0.0, 0.0]",99,56,31055548416,572
multi-robot,10,"[13.5, 0.6, 8.4, 5.5, 4.2, 0.0, 9.6, 2.4, 1.8, 0.0, 3.0, 0.6, 4.8, 1.2, 2.4, 0.6]",99,54,30337646592,572
multi-robot,10,"[0.0, 0.0, 25.0, 0.0, 6.2, 0.0, 6.2, 12.5, 0.0, 0.0, 0.0, 0.0, 18.8, 6.2, 6.2, 0.0]",99,54,30342512640,572
multi-robot,10,"[0.0, 6.7, 26.7, 0.0, 6.7, 0.0, 6.7, 0.0, 6.7, 0.0, 0.0, 0.0, 13.3, 6.7, 6.7, 0.0]",99,54,30344712192,572
multi-robot,10,"[17.6, 0.0, 6.2, 0.0, 0.0, 0.0, 6.2, 0.0, 6.2, 0.0, 6.2, 0.0, 25.0, 0.0, 0.0, 0.0]",99,54,30340755456,572
multi-robot,10,"[13.3, 0.0, 0.0, 20.0, 6.7, 0.0, 20.0, 13.3, 0.0, 6.7, 0.0, 0.0, 26.7, 26.7, 20.0, 6.7]",99,55,30349074432,572
multi-robot,10,"[6.7, 0.0, 20.0, 6.7, 6.7, 0.0, 6.7, 6.7, 0.0, 0.0, 0.0, 0.0, 13.3, 0.0, 0.0, 0.0]",99,55,30346756096,572
multi-robot,10,"[33.3, 11.8, 29.4, 5.9, 23.5, 5.9, 29.4, 11.8, 11.8, 5.9, 23.5, 0.0, 47.1, 5.9, 17.6, 5.9]",99,55,30340767744,572
multi-robot,10,"[0.0, 0.0, 18.8, 0.0, 0.0, 0.0, 6.2, 0.0, 0.0, 0.0, 0.0, 0.0, 25.0, 0.0, 0.0, 0.0]",99,55,30338027520,572
multi-robot,10,"[35.3, 0.0, 13.3, 6.2, 0.0, 0.0, 6.7, 6.7, 0.0, 0.0, 0.0, 0.0, 33.3, 0.0, 6.2, 0.0]",99,55,30344994816,572
multi-robot,10,"[0.0, 0.0, 13.3, 0.0, 6.2, 0.0, 6.2, 0.0, 6.7, 0.0, 0.0, 0.0, 12.5, 0.0, 0.0, 0.0]",99,55,30345203712,572
multi-robot,10,"[18.8, 0.0, 6.2, 6.2, 6.7, 6.2, 20.0, 6.2, 0.0, 6.2, 0.0, 0.0, 40.0, 6.2, 0.0, 0.0]",99,55,30355849216,572
multi-robot,10,"[29.4, 0.0, 31.2, 13.3, 13.3, 6.7, 18.8, 6.7, 13.3, 0.0, 0.0, 0.0, 18.8, 0.0, 6.7, 0.0]",99,55,30343663616,572
multi-robot,10,"[12.5, 0.0, 6.7, 0.0, 0.0, 0.0, 0.0, 0.0, 0.0, 0.0, 0.0, 0.0, 20.0, 0.0, 0.0, 0.0]",99,55,30340005888,572
multi-robot,10,"[0.0, 0.0, 6.7, 20.0, 13.3, 0.0, 12.5, 0.0, 0.0, 0.0, 6.7, 0.0, 18.8, 0.0, 6.7, 0.0]",99,55,30351007744,572
multi-robot,10,"[0.0, 0.0, 0.0, 0.0, 0.0, 0.0, 6.7, 6.2, 0.0, 0.0, 0.0, 0.0, 26.7, 0.0, 0.0, 0.0]",99,56,30342660096,572
multi-robot,10,"[17.6, 0.0, 12.5, 6.2, 0.0, 0.0, 12.5, 0.0, 0.0, 0.0, 0.0, 0.0, 18.8, 0.0, 0.0, 0.0]",99,56,30345043968,572
multi-robot,10,"[31.2, 0.0, 6.7, 13.3, 20.0, 0.0, 13.3, 13.3, 0.0, 0.0, 0.0, 0.0, 20.0, 0.0, 6.7, 0.0]",99,56,30351814656,572
multi-robot,10,"[0.0, 0.0, 14.3, 0.0, 0.0, 0.0, 0.0, 0.0, 0.0, 0.0, 0.0, 0.0, 20.0, 0.0, 0.0, 0.0]",99,56,30351781888,572
multi-robot,10,"[23.5, 0.0, 0.0, 6.2, 6.2, 0.0, 17.6, 0.0, 0.0, 0.0, 0.0, 6.2, 26.7, 0.0, 0.0, 0.0]",99,56,30351155200,572
multi-robot,10,"[12.5, 0.0, 26.7, 20.0, 26.7, 0.0, 13.3, 6.7, 0.0, 0.0, 6.7, 0.0, 13.3, 6.7, 6.7, 0.0]",99,56,30351151104,572
multi-robot,12,"[7.4, 0.4, 9.7, 6.5, 3.6, 0.4, 8.6, 4.7, 1.8, 0.0, 3.6, 0.0, 6.5, 3.6, 2.2, 0.7]",98,55,30337298432,573
multi-robot,12,"[18.8, 0.0, 20.0, 0.0, 13.3, 0.0, 6.7, 6.7, 6.7, 0.0, 6.7, 0.0, 20.0, 0.0, 0.0, 0.0]",98,55,30332219392,573
multi-robot,12,"[23.5, 0.0, 18.8, 0.0, 0.0, 6.2, 12.5, 0.0, 0.0, 0.0, 0.0, 0.0, 12.5, 0.0, 0.0, 0.0]",99,55,30330306560,573
multi-robot,12,"[6.7, 6.2, 13.3, 0.0, 6.2, 6.7, 13.3, 0.0, 0.0, 0.0, 6.2, 0.0, 26.7, 6.2, 6.2, 0.0]",99,55,30325547008,573
multi-robot,12,"[6.2, 0.0, 25.0, 12.5, 12.5, 0.0, 12.5, 18.8, 0.0, 0.0, 12.5, 0.0, 6.2, 6.2, 0.0, 0.0]",99,55,30322151424,573
multi-robot,12,"[25.0, 0.0, 20.0, 13.3, 0.0, 0.0, 6.7, 0.0, 0.0, 0.0, 6.7, 0.0, 20.0, 0.0, 0.0, 0.0]",99,55,30329356288,573
multi-robot,12,"[47.4, 0.0, 18.8, 25.0, 0.0, 6.7, 6.2, 18.8, 0.0, 0.0, 0.0, 0.0, 25.0, 6.7, 0.0, 0.0]",99,55,30323875840,573
multi-robot,12,"[12.5, 0.0, 6.7, 13.3, 0.0, 0.0, 0.0, 0.0, 0.0, 0.0, 0.0, 0.0, 33.3, 6.2, 0.0, 0.0]",99,55,30321930240,573
multi-robot,12,"[0.0, 0.0, 18.8, 12.5, 0.0, 0.0, 6.2, 0.0, 0.0, 0.0, 0.0, 0.0, 18.8, 0.0, 6.2, 0.0]",99,56,30337007616,573
multi-robot,12,"[7.1, 0.0, 7.1, 7.1, 0.0, 0.0, 7.1, 0.0, 0.0, 0.0, 0.0, 7.1, 28.6, 7.1, 0.0, 0.0]",99,56,30337130496,573
multi-robot,12,"[6.2, 0.0, 25.0, 0.0, 6.2, 6.7, 31.2, 12.5, 0.0, 6.2, 18.8, 0.0, 18.8, 18.8, 0.0, 0.0]",99,56,30339735552,573
multi-robot,12,"[18.8, 0.0, 0.0, 0.0, 0.0, 0.0, 0.0, 0.0, 0.0, 0.0, 6.7, 0.0, 33.3, 0.0, 0.0, 0.0]",99,56,30327844864,573
multi-robot,12,"[29.4, 0.0, 13.3, 12.5, 0.0, 6.7, 13.3, 0.0, 6.2, 0.0, 0.0, 0.0, 12.5, 6.7, 6.2, 0.0]",99,56,30326083584,573
multi-robot,12,"[29.4, 0.0, 12.5, 0.0, 0.0, 0.0, 6.2, 0.0, 0.0, 0.0, 0.0, 0.0, 20.0, 0.0, 0.0, 0.0]",99,56,30326444032,573
multi-robot,12,"[0.0, 0.0, 6.7, 20.0, 0.0, 0.0, 13.3, 0.0, 0.0, 0.0, 0.0, 0.0, 13.3, 6.7, 13.3, 0.0]",99,56,30338514944,573
multi-robot,12,"[12.5, 0.0, 18.8, 12.5, 6.2, 0.0, 12.5, 0.0, 6.2, 0.0, 12.5, 0.0, 25.0, 0.0, 6.2, 0.0]",99,56,30329028608,573
multi-robot,12,"[0.0, 0.0, 0.0, 0.0, 0.0, 0.0, 6.7, 0.0, 6.7, 0.0, 0.0, 0.0, 33.3, 0.0, 0.0, 0.0]",99,56,30328545280,573
multi-robot,12,"[6.7, 7.1, 14.3, 13.3, 0.0, 0.0, 0.0, 0.0, 0.0, 0.0, 0.0, 0.0, 20.0, 0.0, 0.0, 0.0]",99,56,30328274944,573
multi-robot,12,"[6.7, 0.0, 0.0, 6.7, 6.2, 0.0, 6.7, 6.2, 6.2, 0.0, 6.2, 0.0, 26.7, 0.0, 0.0, 0.0]",99,57,30328262656,573
multi-robot,12,"[6.7, 0.0, 26.7, 0.0, 6.7, 0.0, 6.7, 0.0, 0.0, 0.0, 6.7, 0.0, 6.7, 0.0, 0.0, 0.0]",99,57,30337126400,573
multi-robot,15,"[13.1, 1.3, 11.7, 5.8, 5.5, 1.3, 12.6, 6.8, 2.9, 0.3, 3.6, 0.3, 5.8, 10.0, 3.2, 0.6]",98,54,30460715008,579
multi-robot,15,"[12.5, 0.0, 18.8, 6.2, 6.2, 6.2, 6.2, 12.5, 0.0, 0.0, 12.5, 6.2, 37.5, 0.0, 12.5, 6.2]",98,54,30462447616,579
multi-robot,15,"[6.2, 0.0, 6.2, 0.0, 0.0, 0.0, 12.5, 0.0, 0.0, 0.0, 6.2, 0.0, 18.8, 6.2, 6.2, 0.0]",99,55,30443266048,579
multi-robot,15,"[6.7, 0.0, 6.7, 6.7, 13.3, 0.0, 13.3, 6.7, 0.0, 0.0, 6.7, 0.0, 33.3, 6.7, 6.7, 12.5]",99,55,30443266048,579
multi-robot,15,"[20.0, 0.0, 13.3, 6.7, 6.7, 0.0, 0.0, 6.7, 0.0, 0.0, 0.0, 0.0, 6.7, 0.0, 13.3, 0.0]",99,55,30456180736,579
multi-robot,15,"[17.6, 6.2, 6.2, 6.2, 0.0, 6.2, 6.2, 6.2, 0.0, 0.0, 0.0, 0.0, 31.2, 0.0, 6.2, 0.0]",99,55,30451998720,579
multi-robot,15,"[17.6, 6.2, 6.2, 0.0, 12.5, 0.0, 25.0, 6.2, 0.0, 0.0, 12.5, 0.0, 25.0, 6.2, 0.0, 6.2]",99,55,30452322304,579
multi-robot,15,"[23.5, 6.2, 25.0, 6.2, 12.5, 0.0, 12.5, 12.5, 6.2, 0.0, 6.2, 0.0, 18.8, 0.0, 6.2, 6.2]",99,55,30447861760,579
multi-robot,15,"[31.2, 0.0, 13.3, 6.7, 13.3, 0.0, 13.3, 13.3, 0.0, 0.0, 13.3, 0.0, 13.3, 0.0, 0.0, 0.0]",99,55,30445862912,579
multi-robot,15,"[6.2, 6.2, 25.0, 6.2, 6.2, 6.2, 25.0, 12.5, 6.2, 6.2, 18.8, 6.2, 35.3, 6.2, 12.5, 12.5]",99,55,30456500224,579
multi-robot,15,"[12.5, 0.0, 13.3, 0.0, 0.0, 0.0, 33.3, 0.0, 0.0, 0.0, 6.7, 0.0, 33.3, 0.0, 0.0, 0.0]",99,56,30455939072,579
multi-robot,15,"[6.2, 0.0, 0.0, 0.0, 0.0, 0.0, 26.7, 6.2, 0.0, 0.0, 6.2, 0.0, 18.8, 0.0, 0.0, 0.0]",99,56,30455443456,579
multi-robot,15,"[18.8, 0.0, 0.0, 0.0, 6.2, 0.0, 18.8, 0.0, 0.0, 0.0, 0.0, 0.0, 33.3, 0.0, 0.0, 0.0]",99,56,30454939648,579
multi-robot,15,"[0.0, 0.0, 13.3, 0.0, 7.1, 0.0, 20.0, 13.3, 0.0, 0.0, 13.3, 0.0, 13.3, 0.0, 7.1, 0.0]",99,56,30454394880,579
multi-robot,15,"[12.5, 0.0, 0.0, 6.7, 0.0, 0.0, 0.0, 0.0, 0.0, 0.0, 0.0, 0.0, 20.0, 6.2, 0.0, 0.0]",99,56,30455656448,579
multi-robot,15,"[18.8, 0.0, 6.7, 0.0, 13.3, 0.0, 6.7, 6.7, 7.1, 0.0, 18.8, 0.0, 20.0, 0.0, 7.1, 0.0]",99,56,30455169024,579
multi-robot,15,"[6.7, 0.0, 6.7, 0.0, 0.0, 0.0, 6.7, 0.0, 0.0, 0.0, 0.0, 0.0, 40.0, 0.0, 0.0, 0.0]",99,56,30454677504,579
multi-robot,15,"[17.6, 0.0, 6.2, 6.2, 6.7, 0.0, 12.5, 0.0, 0.0, 0.0, 6.2, 0.0, 18.8, 6.7, 13.3, 0.0]",99,56,30450610176,579
multi-robot,15,"[0.0, 0.0, 6.7, 0.0, 0.0, 0.0, 6.7, 18.8, 0.0, 0.0, 0.0, 0.0, 20.0, 0.0, 0.0, 0.0]",99,56,30452137984,579
multi-robot,15,"[6.7, 6.7, 6.7, 6.7, 0.0, 0.0, 20.0, 6.7, 0.0, 0.0, 13.3, 0.0, 13.3, 6.7, 0.0, 0.0]",99,56,30451888128,579
multi-robot,20,"[13.7, 0.3, 13.2, 4.4, 7.7, 1.0, 11.5, 6.4, 1.0, 0.7, 2.0, 1.0, 6.8, 3.7, 2.4, 0.3]",98,53,30658248704,579
multi-robot,20,"[6.7, 0.0, 0.0, 20.0, 6.7, 0.0, 26.7, 0.0, 0.0, 0.0, 0.0, 0.0, 13.3, 0.0, 0.0, 0.0]",98,53,30651559936,579
multi-robot,20,"[12.5, 6.2, 25.0, 12.5, 6.2, 0.0, 0.0, 6.2, 0.0, 0.0, 0.0, 0.0, 25.0, 0.0, 6.2, 6.2]",98,54,30648307712,579
multi-robot,20,"[29.4, 0.0, 0.0, 13.3, 0.0, 6.7, 6.7, 6.7, 0.0, 0.0, 26.7, 0.0, 13.3, 6.7, 6.7, 0.0]",98,54,30654607360,579
multi-robot,20,"[6.7, 0.0, 13.3, 13.3, 6.7, 0.0, 6.7, 6.7, 0.0, 0.0, 0.0, 0.0, 6.7, 0.0, 0.0, 0.0]",98,54,30651092992,579
multi-robot,20,"[6.2, 0.0, 12.5, 12.5, 6.2, 0.0, 6.2, 18.8, 0.0, 0.0, 0.0, 0.0, 25.0, 6.2, 0.0, 0.0]",99,54,30648471552,579
multi-robot,20,"[6.7, 0.0, 0.0, 13.3, 0.0, 0.0, 6.7, 13.3, 0.0, 0.0, 0.0, 0.0, 13.3, 0.0, 0.0, 0.0]",99,54,30656811008,579
multi-robot,20,"[33.3, 0.0, 6.2, 6.2, 0.0, 0.0, 12.5, 12.5, 0.0, 0.0, 0.0, 0.0, 12.5, 0.0, 0.0, 0.0]",99,54,30660423680,579
multi-robot,20,"[6.7, 0.0, 6.7, 6.7, 0.0, 0.0, 6.7, 0.0, 0.0, 0.0, 0.0, 0.0, 13.3, 13.3, 0.0, 0.0]",99,55,30609854464,579
multi-robot,20,"[17.6, 0.0, 0.0, 0.0, 0.0, 0.0, 6.2, 6.2, 0.0, 0.0, 0.0, 0.0, 18.8, 0.0, 0.0, 0.0]",100,55,30605574144,579
multi-robot,20,"[18.8, 0.0, 20.0, 0.0, 6.7, 0.0, 13.3, 13.3, 0.0, 0.0, 0.0, 0.0, 33.3, 13.3, 0.0, 0.0]",100,55,30602399744,579
multi-robot,20,"[12.5, 0.0, 18.8, 12.5, 18.8, 0.0, 18.8, 6.2, 0.0, 0.0, 6.2, 0.0, 18.8, 0.0, 12.5, 0.0]",100,55,30611890176,579
multi-robot,20,"[0.0, 0.0, 13.3, 6.7, 13.3, 0.0, 20.0, 6.7, 0.0, 0.0, 0.0, 0.0, 0.0, 6.7, 0.0, 0.0]",100,55,30613962752,579
multi-robot,20,"[27.8, 6.7, 13.3, 13.3, 6.7, 0.0, 20.0, 13.3, 6.7, 0.0, 13.3, 0.0, 12.5, 0.0, 13.3, 6.2]",99,55,30609633280,579
multi-robot,20,"[0.0, 0.0, 6.2, 0.0, 0.0, 0.0, 0.0, 0.0, 0.0, 0.0, 0.0, 0.0, 13.3, 13.3, 0.0, 0.0]",99,55,30606041088,579
multi-robot,20,"[0.0, 0.0, 20.0, 13.3, 6.7, 0.0, 33.3, 6.7, 12.5, 0.0, 0.0, 0.0, 13.3, 6.7, 0.0, 0.0]",99,55,30605656064,579
multi-robot,20,"[6.2, 0.0, 6.2, 12.5, 12.5, 0.0, 6.2, 12.5, 0.0, 0.0, 0.0, 0.0, 25.0, 6.2, 6.2, 0.0]",99,55,30605295616,579
multi-robot,20,"[0.0, 0.0, 7.1, 0.0, 0.0, 0.0, 7.1, 0.0, 0.0, 7.1, 0.0, 0.0, 14.3, 7.1, 0.0, 0.0]",100,55,30613266432,579
multi-robot,20,"[6.2, 0.0, 6.2, 12.5, 6.2, 0.0, 25.0, 6.2, 0.0, 0.0, 0.0, 0.0, 18.8, 0.0, 0.0, 0.0]",100,56,30613217280,579
multi-robot,20,"[6.2, 6.2, 31.2, 12.5, 6.2, 6.2, 18.8, 6.2, 12.5, 0.0, 29.4, 6.2, 31.2, 18.8, 18.8, 0.0]",100,56,30609485824,579
multi-robot,25,"[10.6, 0.7, 8.9, 6.5, 2.7, 1.7, 10.9, 7.8, 2.0, 0.7, 3.7, 0.0, 7.5, 2.7, 1.0, 0.7]",99,53,30806069248,582
multi-robot,25,"[0.0, 0.0, 12.5, 12.5, 0.0, 0.0, 18.8, 0.0, 6.2, 0.0, 11.8, 0.0, 18.8, 0.0, 0.0, 0.0]",99,53,30807711744,582
multi-robot,25,"[6.7, 0.0, 18.8, 6.7, 6.7, 0.0, 6.7, 6.7, 0.0, 6.7, 6.7, 0.0, 33.3, 0.0, 0.0, 6.7]",98,54,30803148800,582
multi-robot,25,"[17.6, 0.0, 17.6, 6.2, 0.0, 0.0, 6.2, 6.2, 0.0, 0.0, 12.5, 0.0, 25.0, 0.0, 6.2, 0.0]",98,54,30801244160,582
multi-robot,25,"[23.5, 0.0, 6.7, 6.7, 0.0, 0.0, 0.0, 6.7, 0.0, 0.0, 6.7, 0.0, 20.0, 0.0, 0.0, 6.7]",98,54,30796406784,582
multi-robot,25,"[13.3, 0.0, 31.2, 6.2, 20.0, 0.0, 6.7, 17.6, 6.7, 0.0, 0.0, 0.0, 18.8, 6.2, 0.0, 0.0]",98,54,30796242944,582
multi-robot,25,"[12.5, 0.0, 18.8, 13.3, 18.8, 0.0, 12.5, 26.7, 0.0, 0.0, 6.2, 0.0, 26.7, 6.7, 6.2, 0.0]",99,54,30800310272,582
multi-robot,25,"[13.3, 0.0, 0.0, 6.7, 0.0, 0.0, 6.7, 6.7, 0.0, 0.0, 0.0, 0.0, 20.0, 0.0, 6.7, 0.0]",99,54,30792675328,582
multi-robot,25,"[0.0, 0.0, 12.5, 12.5, 0.0, 0.0, 12.5, 0.0, 0.0, 0.0, 12.5, 0.0, 31.2, 0.0, 0.0, 0.0]",99,55,30800441344,582
multi-robot,25,"[13.3, 0.0, 13.3, 0.0, 6.7, 0.0, 6.7, 0.0, 0.0, 0.0, 0.0, 0.0, 33.3, 6.7, 0.0, 0.0]",99,55,30793830400,582
multi-robot,25,"[0.0, 0.0, 0.0, 6.2, 0.0, 0.0, 0.0, 18.8, 0.0, 0.0, 0.0, 6.2, 25.0, 0.0, 0.0, 0.0]",100,55,30806532096,582
multi-robot,25,"[6.2, 0.0, 12.5, 18.8, 0.0, 6.2, 25.0, 12.5, 0.0, 0.0, 12.5, 0.0, 37.5, 12.5, 0.0, 6.2]",100,55,30798966784,582
multi-robot,25,"[23.5, 0.0, 0.0, 6.2, 6.7, 0.0, 13.3, 12.5, 6.7, 0.0, 6.7, 0.0, 18.8, 0.0, 6.7, 0.0]",100,55,30803931136,582
multi-robot,25,"[0.0, 0.0, 12.5, 0.0, 0.0, 0.0, 0.0, 0.0, 0.0, 0.0, 0.0, 0.0, 26.7, 6.2, 0.0, 0.0]",100,55,30798925824,582
multi-robot,25,"[6.7, 0.0, 13.3, 13.3, 6.7, 0.0, 6.7, 6.7, 6.7, 0.0, 6.7, 0.0, 26.7, 6.7, 6.7, 0.0]",100,55,30801178624,582
multi-robot,25,"[25.0, 6.2, 0.0, 25.0, 6.2, 0.0, 25.0, 18.8, 0.0, 0.0, 6.2, 0.0, 31.2, 12.5, 6.2, 0.0]",100,55,30803038208,582
multi-robot,25,"[13.3, 0.0, 53.3, 13.3, 6.7, 0.0, 40.0, 0.0, 0.0, 0.0, 6.7, 0.0, 6.7, 6.7, 6.7, 0.0]",100,55,30803046400,582
multi-robot,25,"[18.8, 0.0, 37.5, 6.2, 0.0, 0.0, 18.8, 12.5, 6.2, 0.0, 0.0, 0.0, 6.2, 6.2, 0.0, 0.0]",100,55,30802997248,582
multi-robot,25,"[14.3, 0.0, 21.4, 0.0, 21.4, 0.0, 20.0, 0.0, 0.0, 0.0, 7.1, 0.0, 28.6, 0.0, 0.0, 0.0]",100,56,30802997248,582
multi-robot,25,"[13.3, 6.7, 13.3, 6.7, 13.3, 6.7, 13.3, 6.7, 6.7, 6.7, 6.7, 6.7, 26.7, 13.3, 6.7, 6.7]",99,56,30810681344,582
multi-robot,30,"[10.4, 1.1, 8.1, 10.6, 6.6, 0.8, 10.6, 7.5, 1.2, 0.6, 3.4, 1.1, 4.1, 3.8, 4.0, 0.8]",100,57,30982336512,582
multi-robot,30,"[6.7, 0.0, 20.0, 6.7, 6.7, 0.0, 13.3, 0.0, 0.0, 0.0, 0.0, 0.0, 20.0, 0.0, 6.7, 0.0]",100,57,30995116032,582
multi-robot,30,"[6.2, 0.0, 0.0, 25.0, 6.2, 0.0, 12.5, 0.0, 0.0, 0.0, 6.2, 0.0, 18.8, 0.0, 12.5, 0.0]",100,57,30994681856,582
multi-robot,30,"[6.7, 0.0, 6.7, 0.0, 0.0, 0.0, 6.7, 0.0, 0.0, 0.0, 0.0, 0.0, 26.7, 6.7, 0.0, 0.0]",100,57,30993117184,582
multi-robot,30,"[0.0, 13.3, 6.2, 20.0, 0.0, 0.0, 12.5, 6.7, 0.0, 6.7, 0.0, 0.0, 31.2, 20.0, 0.0, 0.0]",99,57,30991511552,585
multi-robot,30,"[6.2, 0.0, 6.7, 6.2, 12.5, 0.0, 20.0, 6.2, 0.0, 0.0, 6.2, 0.0, 20.0, 6.2, 0.0, 0.0]",99,57,30989778944,582
multi-robot,30,"[6.2, 0.0, 18.8, 6.7, 6.7, 0.0, 0.0, 18.8, 0.0, 0.0, 6.2, 0.0, 12.5, 0.0, 6.7, 0.0]",99,57,30996680704,582
multi-robot,30,"[25.0, 0.0, 21.4, 6.7, 13.3, 0.0, 0.0, 14.3, 0.0, 0.0, 0.0, 0.0, 21.4, 6.7, 0.0, 0.0]",99,57,30994649088,582
multi-robot,30,"[6.7, 0.0, 0.0, 13.3, 6.7, 0.0, 6.2, 6.7, 0.0, 6.7, 6.7, 0.0, 25.0, 6.2, 0.0, 6.2]",99,57,30990102528,582
multi-robot,30,"[17.6, 6.2, 12.5, 6.2, 6.2, 6.2, 20.0, 12.5, 12.5, 0.0, 6.2, 0.0, 33.3, 6.7, 12.5, 6.7]",99,57,30992465920,582
multi-robot,30,"[0.0, 0.0, 6.2, 6.7, 6.7, 0.0, 0.0, 13.3, 0.0, 6.2, 0.0, 0.0, 18.8, 6.7, 0.0, 0.0]",99,57,31000162304,582
multi-robot,30,"[11.8, 0.0, 6.7, 6.2, 0.0, 0.0, 6.2, 6.2, 6.2, 0.0, 0.0, 0.0, 13.3, 6.2, 0.0, 0.0]",99,57,30996357120,582
multi-robot,30,"[18.8, 0.0, 13.3, 13.3, 6.7, 0.0, 6.7, 6.7, 0.0, 0.0, 0.0, 0.0, 13.3, 13.3, 0.0, 0.0]",99,58,30992293888,582
multi-robot,30,"[33.3, 0.0, 12.5, 6.2, 0.0, 0.0, 6.2, 18.8, 0.0, 0.0, 6.2, 0.0, 18.8, 0.0, 0.0, 0.0]",99,58,30990852096,582
multi-robot,30,"[12.5, 6.7, 20.0, 6.7, 6.7, 0.0, 0.0, 6.7, 0.0, 0.0, 6.7, 0.0, 13.3, 13.3, 13.3, 0.0]",99,58,30991212544,582
multi-robot,30,"[0.0, 0.0, 20.0, 0.0, 6.2, 0.0, 6.2, 20.0, 0.0, 0.0, 0.0, 0.0, 6.2, 0.0, 0.0, 0.0]",99,58,30999068672,582
multi-robot,30,"[6.7, 0.0, 18.8, 0.0, 0.0, 0.0, 12.5, 6.2, 0.0, 6.2, 0.0, 0.0, 26.7, 6.2, 0.0, 0.0]",99,58,30998663168,582
multi-robot,30,"[11.8, 6.7, 6.2, 20.0, 0.0, 0.0, 18.8, 12.5, 0.0, 0.0, 6.7, 0.0, 12.5, 12.5, 6.7, 0.0]",99,58,30998663168,582
multi-robot,30,"[20.0, 6.2, 13.3, 43.8, 26.7, 0.0, 31.2, 20.0, 0.0, 0.0, 6.2, 0.0, 26.7, 6.7, 6.2, 0.0]",99,58,30998749184,582
multi-robot,30,"[20.0, 0.0, 13.3, 43.8, 20.0, 6.7, 13.3, 26.7, 0.0, 0.0, 13.3, 0.0, 6.7, 6.7, 6.7, 0.0]",99,58,31000207360,582
multi-robot,40,"[24.4, 2.3, 17.1, 18.4, 12.7, 1.8, 12.8, 16.3, 7.8, 1.5, 10.8, 1.0, 8.7, 5.5, 12.7, 1.7]",100,56,31346278400,582
multi-robot,40,"[6.2, 0.0, 0.0, 18.8, 0.0, 0.0, 12.5, 12.5, 0.0, 0.0, 0.0, 0.0, 25.0, 0.0, 12.5, 0.0]",100,56,31346270208,582
multi-robot,40,"[13.3, 0.0, 6.7, 26.7, 0.0, 0.0, 6.7, 0.0, 0.0, 0.0, 0.0, 0.0, 26.7, 6.7, 0.0, 0.0]",98,56,31354331136,582
multi-robot,40,"[13.3, 0.0, 6.7, 0.0, 0.0, 0.0, 14.3, 0.0, 0.0, 0.0, 7.1, 0.0, 20.0, 0.0, 0.0, 0.0]",98,56,31352000512,582
multi-robot,40,"[6.2, 0.0, 0.0, 0.0, 0.0, 0.0, 12.5, 6.2, 0.0, 0.0, 6.2, 0.0, 33.3, 0.0, 0.0, 0.0]",98,56,31350480896,582
multi-robot,40,"[6.7, 0.0, 6.7, 13.3, 0.0, 0.0, 0.0, 6.7, 0.0, 0.0, 6.7, 0.0, 13.3, 0.0, 0.0, 0.0]",98,56,31350820864,582
multi-robot,40,"[0.0, 0.0, 18.8, 0.0, 0.0, 0.0, 18.8, 0.0, 0.0, 0.0, 0.0, 0.0, 6.2, 0.0, 0.0, 0.0]",100,56,31353503744,582
multi-robot,40,"[20.0, 0.0, 33.3, 0.0, 0.0, 0.0, 0.0, 21.4, 0.0, 0.0, 7.1, 0.0, 42.9, 7.1, 0.0, 0.0]",100,56,31353380864,582
multi-robot,40,"[31.6, 6.2, 12.5, 6.2, 6.7, 6.2, 0.0, 25.0, 0.0, 6.7, 0.0, 6.2, 12.5, 12.5, 0.0, 6.2]",100,57,31353139200,582
multi-robot,40,"[6.7, 6.7, 6.7, 6.7, 6.2, 0.0, 0.0, 13.3, 0.0, 0.0, 6.7, 6.7, 26.7, 6.7, 6.7, 0.0]",100,57,31353008128,582
multi-robot,40,"[35.3, 6.7, 43.8, 12.5, 12.5, 6.7, 35.3, 25.0, 0.0, 0.0, 6.2, 0.0, 25.0, 6.7, 12.5, 0.0]",99,57,31354691584,582
multi-robot,40,"[35.3, 0.0, 18.8, 26.7, 26.7, 0.0, 50.0, 6.7, 6.7, 0.0, 26.7, 0.0, 20.0, 0.0, 13.3, 0.0]",99,57,31354363904,582
multi-robot,40,"[27.8, 6.2, 12.5, 11.8, 25.0, 0.0, 12.5, 17.6, 0.0, 0.0, 0.0, 0.0, 29.4, 6.2, 0.0, 0.0]",99,57,31354224640,582
multi-robot,40,"[12.5, 0.0, 6.2, 6.7, 12.5, 0.0, 37.5, 0.0, 0.0, 0.0, 17.6, 0.0, 33.3, 0.0, 0.0, 0.0]",99,57,31353995264,582
multi-robot,40,"[0.0, 0.0, 13.3, 0.0, 6.7, 0.0, 13.3, 0.0, 0.0, 0.0, 0.0, 0.0, 13.3, 6.7, 6.7, 0.0]",99,57,31353937920,582
multi-robot,40,"[0.0, 0.0, 0.0, 0.0, 0.0, 0.0, 6.7, 6.7, 0.0, 0.0, 0.0, 0.0, 40.0, 0.0, 0.0, 0.0]",99,57,31356133376,582
multi-robot,40,"[29.4, 12.5, 18.8, 12.5, 12.5, 18.8, 23.5, 6.2, 12.5, 6.2, 12.5, 18.8, 18.8, 12.5, 37.5, 0.0]",99,57,31353651200,582
multi-robot,40,"[6.7, 0.0, 18.8, 6.7, 0.0, 0.0, 6.7, 20.0, 0.0, 0.0, 0.0, 0.0, 20.0, 0.0, 0.0, 0.0]",99,57,31353651200,582
multi-robot,40,"[0.0, 0.0, 0.0, 0.0, 0.0, 0.0, 0.0, 6.7, 0.0, 0.0, 0.0, 0.0, 40.0, 0.0, 0.0, 0.0]",99,57,31353643008,582
multi-robot,40,"[20.0, 6.7, 26.7, 13.3, 13.3, 13.3, 43.8, 18.8, 6.7, 6.7, 13.3, 6.7, 20.0, 6.7, 13.3, 6.7]",100,57,31358713856,582
multi-robot,50,"[14.6, 1.0, 15.9, 10.4, 9.9, 3.1, 17.2, 9.9, 5.3, 1.3, 5.5, 3.4, 8.7, 12.6, 8.7, 2.4]",97,54,31613734912,588
multi-robot,50,"[22.2, 0.0, 0.0, 6.7, 6.2, 0.0, 6.7, 12.5, 6.2, 6.2, 0.0, 0.0, 31.2, 0.0, 6.2, 0.0]",99,54,31612977152,588
multi-robot,50,"[12.5, 6.7, 6.7, 12.5, 13.3, 6.7, 6.2, 18.8, 6.2, 0.0, 0.0, 6.2, 18.8, 0.0, 0.0, 0.0]",99,54,31614365696,588
multi-robot,50,"[13.3, 0.0, 6.2, 6.7, 6.2, 0.0, 6.7, 6.7, 0.0, 0.0, 0.0, 0.0, 33.3, 0.0, 0.0, 0.0]",99,54,31613796352,588
multi-robot,50,"[29.4, 0.0, 13.3, 12.5, 20.0, 0.0, 13.3, 12.5, 6.7, 0.0, 13.3, 0.0, 25.0, 12.5, 6.7, 0.0]",99,55,31613800448,588
multi-robot,50,"[47.1, 0.0, 25.0, 0.0, 18.8, 0.0, 6.2, 0.0, 0.0, 0.0, 12.5, 0.0, 33.3, 6.7, 6.2, 0.0]",100,55,31613808640,588
multi-robot,50,"[12.5, 0.0, 20.0, 20.0, 13.3, 0.0, 6.7, 20.0, 6.7, 0.0, 0.0, 0.0, 6.7, 6.7, 6.7, 6.7]",100,55,31617474560,588
multi-robot,50,"[0.0, 0.0, 12.5, 0.0, 0.0, 6.2, 25.0, 0.0, 0.0, 0.0, 0.0, 0.0, 18.8, 0.0, 0.0, 0.0]",100,55,31616573440,588
multi-robot,50,"[13.3, 0.0, 6.7, 0.0, 0.0, 0.0, 13.3, 13.3, 6.7, 0.0, 13.3, 6.7, 13.3, 6.7, 20.0, 0.0]",100,55,31617933312,588
multi-robot,50,"[5.9, 0.0, 35.3, 5.9, 0.0, 0.0, 11.8, 0.0, 0.0, 0.0, 17.6, 0.0, 29.4, 11.8, 5.9, 5.9]",100,55,31619067904,588
multi-robot,50,"[6.7, 0.0, 13.3, 6.7, 0.0, 6.7, 13.3, 0.0, 0.0, 0.0, 6.7, 0.0, 26.7, 20.0, 0.0, 0.0]",100,55,31619018752,588
multi-robot,50,"[29.4, 0.0, 12.5, 6.2, 6.2, 0.0, 25.0, 12.5, 6.2, 0.0, 6.2, 0.0, 18.8, 6.2, 12.5, 0.0]",100,55,31621517312,588
multi-robot,50,"[26.7, 0.0, 6.7, 13.3, 13.3, 0.0, 0.0, 13.3, 6.7, 0.0, 6.7, 0.0, 26.7, 6.7, 0.0, 0.0]",100,55,31620878336,588
multi-robot,50,"[22.2, 0.0, 25.0, 6.2, 0.0, 6.2, 12.5, 0.0, 6.2, 0.0, 6.2, 0.0, 18.8, 0.0, 6.2, 0.0]",100,55,31619510272,588
multi-robot,50,"[0.0, 0.0, 0.0, 0.0, 0.0, 0.0, 0.0, 6.7, 0.0, 0.0, 0.0, 0.0, 33.3, 0.0, 0.0, 0.0]",100,56,31619477504,588
multi-robot,50,"[0.0, 0.0, 25.0, 6.7, 6.7, 0.0, 6.2, 18.8, 0.0, 0.0, 0.0, 0.0, 25.0, 6.2, 18.8, 0.0]",100,56,31622193152,588
multi-robot,50,"[20.0, 0.0, 26.7, 6.2, 6.2, 0.0, 40.0, 6.7, 0.0, 0.0, 6.2, 0.0, 40.0, 0.0, 0.0, 0.0]",100,56,31622144000,588
multi-robot,50,"[37.5, 0.0, 53.3, 6.2, 13.3, 6.7, 33.3, 0.0, 13.3, 0.0, 6.7, 0.0, 31.2, 0.0, 20.0, 0.0]",99,56,31622144000,588
multi-robot,50,"[13.3, 6.2, 38.9, 13.3, 11.8, 0.0, 43.8, 6.2, 0.0, 0.0, 12.5, 0.0, 26.7, 6.2, 18.8, 0.0]",99,56,31624290304,588
multi-robot,50,"[0.0, 0.0, 31.2, 0.0, 0.0, 0.0, 33.3, 0.0, 0.0, 0.0, 0.0, 0.0, 12.5, 0.0, 6.2, 0.0]",99,56,31624388608,588
multi-robot,60,"[42.3, 15.9, 34.9, 40.1, 35.8, 12.5, 30.5, 46.2, 27.7, 6.7, 32.7, 6.9, 17.1, 18.8, 35.6, 10.0]",100,54,31749488640,588
multi-robot,60,"[6.7, 0.0, 6.2, 0.0, 6.2, 0.0, 0.0, 0.0, 0.0, 0.0, 6.7, 0.0, 26.7, 0.0, 6.7, 0.0]",100,54,31749320704,588
multi-robot,60,"[13.3, 0.0, 20.0, 6.7, 6.7, 0.0, 20.0, 13.3, 6.7, 6.7, 6.7, 0.0, 6.7, 0.0, 6.7, 0.0]",100,55,31751475200,588
multi-robot,60,"[31.2, 12.5, 31.2, 0.0, 6.2, 0.0, 18.8, 25.0, 0.0, 0.0, 12.5, 0.0, 31.2, 6.2, 6.2, 0.0]",100,55,31751467008,588
multi-robot,60,"[37.5, 0.0, 13.3, 20.0, 26.7, 6.7, 20.0, 20.0, 6.7, 0.0, 20.0, 0.0, 20.0, 26.7, 12.5, 0.0]",99,55,31751057408,588
multi-robot,60,"[31.2, 0.0, 18.8, 52.9, 25.0, 0.0, 18.8, 37.5, 12.5, 0.0, 12.5, 0.0, 25.0, 6.2, 18.8, 6.2]",99,55,31751938048,588
multi-robot,60,"[41.2, 0.0, 23.5, 35.3, 29.4, 5.9, 29.4, 58.8, 5.9, 5.9, 29.4, 5.9, 52.9, 29.4, 23.5, 5.9]",99,55,31756771328,588
multi-robot,60,"[31.2, 0.0, 33.3, 6.7, 0.0, 0.0, 6.7, 33.3, 6.7, 0.0, 0.0, 6.7, 13.3, 20.0, 0.0, 0.0]",99,55,31756189696,588
multi-robot,60,"[11.8, 0.0, 6.2, 6.2, 0.0, 0.0, 18.8, 0.0, 0.0, 0.0, 0.0, 0.0, 18.8, 6.2, 0.0, 0.0]",99,55,31756337152,588
multi-robot,60,"[18.8, 6.7, 6.7, 20.0, 6.7, 6.7, 13.3, 6.7, 6.7, 6.7, 6.7, 6.7, 26.7, 6.7, 20.0, 6.7]",99,55,31756288000,588
multi-robot,60,"[12.5, 0.0, 12.5, 18.8, 6.2, 0.0, 25.0, 18.8, 0.0, 6.2, 6.2, 0.0, 18.8, 0.0, 0.0, 0.0]",99,55,31756222464,588
multi-robot,60,"[18.8, 0.0, 20.0, 37.5, 0.0, 0.0, 6.7, 20.0, 0.0, 0.0, 13.3, 6.7, 26.7, 20.0, 0.0, 0.0]",99,55,31759642624,588
multi-robot,60,"[38.9, 6.2, 25.0, 23.5, 17.6, 12.5, 17.6, 31.2, 6.2, 6.2, 6.2, 0.0, 35.3, 6.2, 29.4, 6.2]",99,55,31757004800,588
multi-robot,60,"[11.8, 0.0, 6.2, 26.7, 6.7, 0.0, 6.7, 0.0, 0.0, 0.0, 0.0, 0.0, 26.7, 0.0, 0.0, 6.2]",99,55,31756632064,588
multi-robot,60,"[6.7, 6.7, 31.2, 13.3, 6.7, 6.7, 20.0, 6.7, 6.7, 6.7, 6.7, 13.3, 25.0, 13.3, 13.3, 6.7]",99,56,31756632064,588
multi-robot,60,"[0.0, 0.0, 18.8, 25.0, 0.0, 0.0, 6.2, 0.0, 0.0, 0.0, 0.0, 0.0, 18.8, 6.2, 0.0, 0.0]",99,56,31756607488,588
multi-robot,60,"[25.0, 0.0, 33.3, 6.7, 6.7, 0.0, 13.3, 6.7, 6.7, 0.0, 6.7, 0.0, 6.7, 6.7, 6.7, 0.0]",99,56,31759736832,588
multi-robot,60,"[25.0, 0.0, 18.8, 6.2, 6.2, 11.8, 18.8, 6.2, 0.0, 0.0, 0.0, 0.0, 18.8, 0.0, 0.0, 0.0]",99,56,31759749120,588
multi-robot,60,"[0.0, 0.0, 20.0, 6.7, 0.0, 0.0, 6.7, 0.0, 0.0, 0.0, 0.0, 0.0, 26.7, 0.0, 0.0, 0.0]",99,56,31759781888,588
multi-robot,60,"[12.5, 0.0, 6.7, 6.7, 0.0, 0.0, 13.3, 25.0, 0.0, 0.0, 0.0, 0.0, 13.3, 0.0, 0.0, 6.7]",99,56,31759851520,588
multi-robot,80,"[76.5, 33.2, 61.0, 65.9, 70.2, 28.7, 61.0, 67.7, 51.2, 13.7, 64.9, 19.2, 25.5, 33.4, 66.4, 22.8]",99,54,31889920000,588
multi-robot,80,"[84.2, 29.4, 64.7, 80.0, 47.1, 17.6, 70.6, 72.2, 41.2, 31.2, 58.8, 29.4, 41.2, 41.2, 64.7, 22.2]",99,54,31889530880,588
multi-robot,80,"[70.6, 23.5, 35.3, 73.7, 58.8, 17.6, 47.1, 52.9, 35.3, 11.1, 52.9, 22.2, 29.4, 29.4, 47.1, 17.6]",96,55,31895732224,588
multi-robot,80,"[73.7, 23.5, 78.9, 63.2, 64.7, 11.8, 77.8, 58.8, 58.8, 11.8, 61.1, 23.5, 47.1, 33.3, 52.9, 17.6]",96,55,31893962752,588
multi-robot,80,"[82.4, 31.2, 70.6, 75.0, 88.2, 31.2, 58.8, 75.0, 50.0, 25.0, 43.8, 12.5, 50.0, 25.0, 76.5, 18.8]",96,55,31892815872,588
multi-robot,80,"[78.9, 17.6, 52.9, 57.9, 76.5, 29.4, 38.9, 76.5, 52.9, 0.0, 52.9, 11.8, 41.2, 11.8, 58.8, 11.8]",96,55,31892893696,588
multi-robot,80,"[20.0, 0.0, 46.7, 18.8, 6.7, 13.3, 40.0, 13.3, 13.3, 0.0, 20.0, 0.0, 33.3, 6.7, 20.0, 0.0]",99,55,31894786048,588
multi-robot,80,"[25.0, 0.0, 37.5, 13.3, 0.0, 6.7, 33.3, 20.0, 6.7, 0.0, 20.0, 0.0, 13.3, 6.7, 12.5, 0.0]",99,55,31893356544,588
multi-robot,80,"[12.5, 0.0, 12.5, 11.8, 12.5, 0.0, 25.0, 6.2, 0.0, 0.0, 0.0, 0.0, 31.2, 0.0, 18.8, 0.0]",99,55,31893397504,588
multi-robot,80,"[0.0, 0.0, 26.7, 0.0, 6.7, 0.0, 20.0, 6.7, 6.7, 0.0, 6.7, 0.0, 33.3, 6.7, 0.0, 0.0]",99,55,31893176320,588
multi-robot,80,"[12.5, 0.0, 12.5, 6.2, 12.5, 0.0, 25.0, 6.2, 0.0, 0.0, 18.8, 0.0, 25.0, 0.0, 18.8, 0.0]",99,56,31898599424,588
multi-robot,80,"[22.2, 0.0, 25.0, 18.8, 6.2, 12.5, 25.0, 0.0, 6.2, 6.2, 31.2, 0.0, 12.5, 18.8, 12.5, 6.2]",99,56,31897206784,588
multi-robot,80,"[18.8, 0.0, 6.2, 18.8, 12.5, 0.0, 37.5, 6.2, 6.2, 0.0, 0.0, 0.0, 18.8, 0.0, 18.8, 0.0]",99,56,31897448448,588
multi-robot,80,"[13.3, 6.7, 43.8, 25.0, 13.3, 6.7, 31.2, 20.0, 6.7, 6.7, 13.3, 6.7, 40.0, 0.0, 20.0, 0.0]",99,56,31897399296,588
multi-robot,80,"[33.3, 0.0, 38.9, 0.0, 17.6, 5.9, 29.4, 16.7, 5.9, 0.0, 5.9, 11.8, 17.6, 11.8, 11.8, 0.0]",99,56,31901564928,588
multi-robot,80,"[40.0, 0.0, 33.3, 20.0, 6.7, 0.0, 33.3, 6.7, 0.0, 0.0, 31.2, 0.0, 40.0, 13.3, 13.3, 0.0]",99,56,31902941184,588
multi-robot,80,"[40.0, 0.0, 33.3, 13.3, 20.0, 0.0, 35.3, 13.3, 0.0, 6.7, 20.0, 0.0, 33.3, 6.7, 20.0, 0.0]",99,56,31902937088,588
multi-robot,80,"[25.0, 6.2, 37.5, 17.6, 6.2, 6.2, 25.0, 23.5, 6.2, 6.2, 6.2, 6.2, 31.2, 12.5, 12.5, 6.2]",99,56,31902937088,588
multi-robot,80,"[26.7, 0.0, 20.0, 6.7, 6.7, 0.0, 20.0, 20.0, 0.0, 0.0, 37.5, 0.0, 33.3, 0.0, 18.8, 0.0]",99,57,31902937088,588
multi-robot,80,"[12.5, 0.0, 17.6, 31.2, 6.2, 0.0, 6.2, 18.8, 0.0, 6.2, 6.2, 0.0, 31.2, 0.0, 6.2, 0.0]",99,57,31905648640,588
multi-robot,100,"[68.0, 42.4, 62.5, 59.8, 61.9, 41.0, 62.3, 60.8, 52.8, 31.6, 56.6, 33.7, 46.3, 41.3, 59.6, 36.4]",98,70,31756140544,588
multi-robot,100,"[26.7, 12.5, 53.3, 0.0, 13.3, 12.5, 35.3, 6.7, 13.3, 13.3, 0.0, 0.0, 26.7, 6.7, 20.0, 0.0]",98,70,31758118912,588
multi-robot,100,"[12.5, 0.0, 37.5, 31.2, 12.5, 6.2, 43.8, 12.5, 6.2, 6.2, 0.0, 6.2, 25.0, 6.2, 12.5, 0.0]",98,70,31754973184,588
multi-robot,100,"[56.2, 0.0, 56.2, 0.0, 33.3, 0.0, 33.3, 43.8, 20.0, 0.0, 33.3, 0.0, 20.0, 20.0, 37.5, 0.0]",99,70,31764320256,588
multi-robot,100,"[0.0, 13.3, 43.8, 12.5, 6.2, 0.0, 6.2, 6.2, 0.0, 0.0, 12.5, 0.0, 31.2, 13.3, 0.0, 6.2]",99,70,31757574144,588
multi-robot,100,"[37.5, 0.0, 33.3, 0.0, 6.7, 0.0, 20.0, 13.3, 6.7, 0.0, 20.0, 0.0, 20.0, 18.8, 23.5, 0.0]",99,70,31749865472,588
multi-robot,100,"[0.0, 0.0, 47.1, 0.0, 25.0, 0.0, 18.8, 18.8, 6.7, 0.0, 6.2, 0.0, 18.8, 0.0, 12.5, 0.0]",99,70,31757795328,588
multi-robot,100,"[50.0, 0.0, 62.5, 13.3, 40.0, 0.0, 40.0, 26.7, 12.5, 0.0, 6.7, 0.0, 33.3, 12.5, 26.7, 0.0]",98,70,31761551360,588
multi-robot,100,"[25.0, 0.0, 60.0, 13.3, 6.7, 0.0, 46.7, 13.3, 6.7, 0.0, 13.3, 0.0, 13.3, 20.0, 13.3, 6.7]",98,71,31752904704,588
multi-robot,100,"[50.0, 0.0, 41.2, 5.9, 29.4, 0.0, 41.2, 5.9, 5.9, 0.0, 11.8, 5.9, 47.1, 11.8, 0.0, 0.0]",98,71,31793668096,588
multi-robot,100,"[31.2, 0.0, 29.4, 12.5, 35.3, 0.0, 50.0, 12.5, 18.8, 0.0, 12.5, 0.0, 35.3, 6.2, 18.8, 6.2]",98,71,31789776896,588
multi-robot,100,"[29.4, 13.3, 50.0, 18.8, 43.8, 6.7, 50.0, 31.2, 31.2, 6.7, 20.0, 6.7, 18.8, 6.7, 26.7, 6.7]",98,71,31796572160,588
multi-robot,100,"[35.3, 0.0, 20.0, 33.3, 20.0, 0.0, 12.5, 20.0, 0.0, 0.0, 6.2, 6.2, 26.7, 6.2, 12.5, 6.2]",98,71,31787872256,588
multi-robot,100,"[44.4, 17.6, 47.1, 23.5, 17.6, 11.8, 29.4, 17.6, 17.6, 17.6, 35.3, 11.8, 52.9, 5.9, 11.8, 0.0]",98,71,31803555840,588
multi-robot,100,"[12.5, 6.2, 62.5, 12.5, 12.5, 0.0, 31.2, 6.2, 12.5, 0.0, 12.5, 0.0, 12.5, 12.5, 12.5, 0.0]",98,71,31792349184,588
multi-robot,100,"[37.5, 0.0, 46.7, 6.7, 20.0, 6.7, 37.5, 13.3, 13.3, 0.0, 13.3, 6.7, 6.7, 6.7, 13.3, 0.0]",98,71,31799361536,588
multi-robot,100,"[6.2, 0.0, 31.2, 12.5, 6.2, 0.0, 12.5, 12.5, 6.2, 0.0, 0.0, 0.0, 31.2, 0.0, 0.0, 0.0]",97,71,31799361536,588
multi-robot,100,"[18.8, 0.0, 13.3, 6.7, 6.7, 0.0, 26.7, 6.7, 6.7, 0.0, 0.0, 6.7, 33.3, 0.0, 6.7, 0.0]",97,71,31799308288,588
multi-robot,100,"[27.8, 6.2, 35.3, 11.8, 5.9, 0.0, 47.1, 0.0, 0.0, 0.0, 5.9, 5.9, 35.3, 12.5, 16.7, 0.0]",97,71,31790952448,591
multi-robot,100,"[33.3, 6.2, 62.5, 13.3, 20.0, 6.2, 33.3, 46.7, 6.7, 6.2, 33.3, 0.0, 46.7, 6.2, 26.7, 0.0]",97,71,31798607872,588
multi-robot,120,"[78.0, 68.6, 76.7, 76.4, 74.7, 67.9, 76.5, 75.9, 71.7, 57.9, 72.7, 62.0, 64.0, 65.6, 73.4, 64.4]",97,74,31735734272,588
multi-robot,120,"[73.7, 70.6, 95.0, 72.2, 72.2, 64.7, 88.9, 68.4, 72.2, 55.6, 72.2, 58.8, 72.2, 44.4, 95.0, 61.1]",98,74,31744753664,588
multi-robot,120,"[90.0, 80.0, 85.0, 89.5, 95.0, 73.7, 100.0, 80.0, 90.0, 73.7, 84.2, 76.2, 78.9, 75.0, 89.5, 78.9]",98,74,31736623104,588
multi-robot,120,"[100.0, 89.5, 84.2, 100.0, 100.0, 94.4, 90.0, 100.0, 100.0, 78.9, 83.3, 83.3, 89.5, 84.2, 94.4, 94.4]",98,74,31733694464,588
multi-robot,120,"[90.0, 63.2, 100.0, 94.7, 83.3, 55.6, 85.0, 83.3, 94.7, 47.4, 84.2, 65.0, 66.7, 66.7, 85.7, 63.2]",98,74,31745212416,588
multi-robot,120,"[90.5, 94.7, 90.0, 95.0, 89.5, 80.0, 90.0, 94.4, 76.2, 55.6, 84.2, 66.7, 57.9, 77.8, 83.3, 70.0]",98,74,31742914560,588
multi-robot,120,"[78.9, 78.9, 89.5, 77.8, 100.0, 73.7, 89.5, 95.0, 85.0, 68.4, 90.0, 72.2, 75.0, 77.8, 83.3, 66.7]",98,74,31742423040,588
multi-robot,120,"[73.7, 73.7, 89.5, 89.5, 85.7, 66.7, 95.2, 78.9, 78.9, 66.7, 94.4, 61.9, 83.3, 66.7, 95.5, 68.4]",98,74,31741919232,588
multi-robot,120,"[81.0, 76.2, 90.5, 100.0, 95.8, 71.4, 100.0, 73.9, 85.0, 60.0, 86.4, 66.7, 70.0, 81.0, 90.5, 82.6]",98,74,31745552384,588
multi-robot,120,"[100.0, 72.2, 83.3, 100.0, 94.4, 70.6, 94.4, 85.0, 76.5, 58.8, 76.5, 83.3, 83.3, 66.7, 94.4, 78.9]",98,74,31745114112,588
multi-robot,120,"[87.0, 95.2, 100.0, 100.0, 90.0, 81.8, 95.0, 95.0, 100.0, 80.0, 95.7, 85.0, 85.0, 95.5, 95.2, 85.7]",98,74,31744557056,588
multi-robot,120,"[90.5, 88.9, 77.8, 95.5, 94.4, 73.7, 88.9, 95.0, 88.9, 52.6, 80.0, 71.4, 90.0, 61.1, 72.2, 84.2]",98,74,31745515520,588
multi-robot,120,"[100.0, 95.7, 100.0, 100.0, 95.7, 95.7, 100.0, 95.5, 87.0, 87.0, 95.7, 91.3, 95.8, 95.8, 100.0, 87.0]",98,74,31745077248,591
multi-robot,120,"[83.3, 90.0, 83.3, 100.0, 77.8, 66.7, 89.5, 77.8, 80.0, 66.7, 78.9, 78.9, 77.8, 73.7, 90.0, 72.2]",98,74,31744077824,588
multi-robot,120,"[94.4, 77.8, 95.2, 95.0, 100.0, 88.9, 90.0, 100.0, 89.5, 66.7, 90.0, 72.2, 84.2, 73.7, 94.4, 81.8]",98,74,31748489216,588
multi-robot,120,"[90.5, 83.3, 94.7, 100.0, 89.5, 84.2, 88.9, 89.5, 90.0, 73.7, 100.0, 61.1, 88.9, 61.1, 95.0, 77.8]",97,74,31747932160,588
multi-robot,120,"[90.5, 90.5, 95.5, 90.9, 85.7, 90.5, 95.8, 95.5, 85.7, 86.4, 90.9, 85.7, 85.7, 90.5, 100.0, 81.0]",97,74,31742033920,588
multi-robot,120,"[94.7, 77.8, 88.9, 94.7, 100.0, 88.9, 94.7, 88.9, 83.3, 78.9, 94.4, 84.2, 78.9, 83.3, 100.0, 77.8]",97,74,31745454080,588
multi-robot,120,"[95.5, 85.7, 86.4, 90.5, 86.4, 86.4, 95.8, 90.9, 90.5, 60.0, 80.0, 85.0, 90.0, 70.0, 90.9, 75.0]",98,74,31750479872,588
multi-robot,120,"[94.4, 90.0, 88.9, 95.5, 94.7, 84.2, 100.0, 94.7, 88.9, 68.4, 84.2, 73.7, 77.8, 72.2, 94.4, 77.8]",98,74,31750111232,588