test,count,CPU,CPU_TEMP,GPU,GPU_TEMP,RAM_USED,VRAM_USED
multi-robot,1,"[5.9, 2.7, 4.6, 22.8, 11.9, 10.7, 13.0, 18.2, 5.7, 4.4, 5.8, 21.7, 19.2, 13.5, 8.1, 14.0]",50.75,98,54,1946251264,688
multi-robot,1,"[9.1, 8.3, 7.7, 53.3, 0.0, 69.2, 0.0, 7.7, 0.0, 0.0, 7.7, 0.0, 0.0, 9.1, 0.0, 15.4]",50.625,98,54,1946251264,688
multi-robot,1,"[23.1, 0.0, 8.3, 36.4, 15.4, 0.0, 23.1, 0.0, 0.0, 0.0, 0.0, 0.0, 23.1, 23.1, 16.7, 8.3]",50.375,98,54,1946251264,688
multi-robot,1,"[9.1, 0.0, 8.3, 41.7, 0.0, 0.0, 0.0, 38.5, 0.0, 0.0, 7.7, 0.0, 45.5, 0.0, 0.0, 0.0]",50.25,98,54,1946251264,688
multi-robot,1,"[23.1, 0.0, 0.0, 18.2, 8.3, 0.0, 0.0, 75.0, 9.1, 7.7, 0.0, 0.0, 15.4, 0.0, 0.0, 0.0]",50.0,98,55,1946251264,688
multi-robot,1,"[0.0, 0.0, 0.0, 30.8, 0.0, 0.0, 7.7, 58.3, 18.2, 18.2, 8.3, 0.0, 0.0, 0.0, 23.1, 0.0]",49.875,98,54,1946251264,688
multi-robot,1,"[0.0, 0.0, 15.4, 30.8, 15.4, 7.7, 0.0, 33.3, 16.7, 14.3, 0.0, 0.0, 0.0, 0.0, 50.0, 8.3]",49.625,98,54,1946251264,688
multi-robot,1,"[15.4, 7.7, 15.4, 41.7, 8.3, 0.0, 0.0, 46.7, 14.3, 0.0, 8.3, 0.0, 0.0, 0.0, 0.0, 41.7]",49.5,98,54,1946251264,688
multi-robot,1,"[0.0, 0.0, 14.3, 36.4, 16.7, 0.0, 7.7, 8.3, 7.7, 0.0, 25.0, 0.0, 8.3, 8.3, 41.7, 7.7]",49.25,98,54,1946509312,688
multi-robot,1,"[0.0, 8.3, 15.4, 46.2, 16.7, 8.3, 0.0, 0.0, 0.0, 0.0, 23.1, 7.7, 0.0, 0.0, 45.5, 18.2]",49.0,96,55,1946509312,688
multi-robot,1,"[0.0, 23.1, 15.4, 41.7, 25.0, 0.0, 7.7, 7.7, 0.0, 8.3, 41.7, 7.7, 0.0, 15.4, 18.2, 27.3]",48.875,96,54,1946513408,688
multi-robot,1,"[0.0, 27.3, 0.0, 36.4, 25.0, 46.2, 0.0, 16.7, 8.3, 0.0, 35.7, 0.0, 0.0, 0.0, 0.0, 15.4]",48.625,96,55,1946513408,688
multi-robot,1,"[0.0, 8.3, 0.0, 36.4, 45.5, 38.5, 0.0, 0.0, 0.0, 0.0, 30.8, 0.0, 0.0, 0.0, 0.0, 0.0]",48.5,96,55,1946513408,688
multi-robot,1,"[0.0, 0.0, 0.0, 46.2, 16.7, 7.7, 7.7, 8.3, 8.3, 7.7, 16.7, 0.0, 15.4, 0.0, 42.9, 23.1]",48.25,96,55,1946513408,688
multi-robot,1,"[8.3, 8.3, 0.0, 0.0, 18.2, 0.0, 0.0, 0.0, 46.2, 0.0, 9.1, 14.3, 0.0, 8.3, 8.3, 53.8]",48.125,96,55,1946513408,688
multi-robot,1,"[8.3, 0.0, 0.0, 50.0, 0.0, 8.3, 33.3, 0.0, 7.7, 0.0, 0.0, 21.4, 0.0, 7.7, 36.4, 7.7]",47.875,96,55,1946513408,688
multi-robot,1,"[7.7, 7.7, 14.3, 41.7, 64.3, 7.7, 0.0, 0.0, 0.0, 0.0, 16.7, 16.7, 0.0, 0.0, 23.1, 0.0]",47.75,96,55,1946509312,688
multi-robot,1,"[0.0, 15.4, 0.0, 7.7, 16.7, 8.3, 25.0, 7.7, 16.7, 33.3, 8.3, 0.0, 0.0, 8.3, 25.0, 25.0]",47.5,97,55,1946509312,688
multi-robot,1,"[0.0, 0.0, 7.7, 0.0, 7.7, 33.3, 36.4, 0.0, 0.0, 46.2, 9.1, 0.0, 7.7, 15.4, 0.0, 14.3]",47.375,97,55,1946509312,688
multi-robot,1,"[0.0, 0.0, 0.0, 7.7, 7.7, 50.0, 46.2, 0.0, 0.0, 41.7, 23.1, 0.0, 7.7, 0.0, 7.7, 7.7]",47.125,97,55,1946509312,688
multi-robot,2,"[12.2, 8.3, 10.7, 11.8, 1.1, 5.5, 0.6, 0.6, 3.6, 9.3, 24.4, 8.9, 3.5, 3.5, 4.7, 0.3]",44.25,98,50,1976655872,714
multi-robot,2,"[0.0, 14.3, 83.3, 0.0, 0.0, 7.7, 7.7, 0.0, 15.4, 0.0, 23.1, 0.0, 0.0, 0.0, 30.8, 0.0]",44.25,98,50,1977131008,714
multi-robot,2,"[14.3, 0.0, 83.3, 0.0, 0.0, 0.0, 0.0, 0.0, 8.3, 0.0, 16.7, 20.0, 0.0, 0.0, 18.2, 0.0]",44.25,98,50,1977131008,714
multi-robot,2,"[15.4, 23.1, 92.3, 8.3, 0.0, 7.7, 0.0, 0.0, 0.0, 0.0, 15.4, 0.0, 0.0, 0.0, 18.2, 0.0]",44.375,98,50,1977618432,714
multi-robot,2,"[0.0, 21.4, 84.6, 7.7, 0.0, 0.0, 0.0, 0.0, 0.0, 7.7, 7.7, 7.7, 0.0, 0.0, 33.3, 7.7]",44.375,98,50,1977618432,714
multi-robot,2,"[7.7, 9.1, 80.0, 0.0, 0.0, 0.0, 0.0, 0.0, 0.0, 21.4, 15.4, 0.0, 0.0, 0.0, 28.6, 0.0]",44.375,98,51,1977618432,714
multi-robot,2,"[0.0, 15.4, 92.3, 7.7, 7.7, 7.7, 0.0, 0.0, 7.7, 0.0, 15.4, 0.0, 0.0, 0.0, 20.0, 0.0]",44.375,98,51,1977606144,714
multi-robot,2,"[64.3, 26.7, 23.1, 7.7, 0.0, 7.7, 0.0, 0.0, 0.0, 8.3, 27.3, 0.0, 7.7, 0.0, 30.8, 0.0]",44.375,99,51,1977606144,714
multi-robot,2,"[0.0, 0.0, 15.4, 8.3, 0.0, 0.0, 0.0, 0.0, 0.0, 0.0, 84.6, 0.0, 0.0, 0.0, 25.0, 0.0]",44.5,99,51,1977602048,714
multi-robot,2,"[16.7, 21.4, 23.1, 0.0, 7.7, 0.0, 0.0, 0.0, 61.5, 0.0, 23.1, 7.7, 0.0, 0.0, 7.7, 9.1]",44.5,99,51,1977856000,704
multi-robot,2,"[7.7, 83.3, 23.1, 0.0, 0.0, 0.0, 0.0, 0.0, 0.0, 7.7, 23.1, 0.0, 0.0, 0.0, 18.2, 0.0]",44.5,99,51,1977856000,704
multi-robot,2,"[15.4, 46.2, 46.2, 8.3, 0.0, 0.0, 7.7, 0.0, 8.3, 16.7, 45.5, 15.4, 0.0, 7.7, 30.8, 7.7]",44.5,99,51,1977856000,704
multi-robot,2,"[0.0, 21.4, 35.7, 7.7, 0.0, 0.0, 8.3, 0.0, 0.0, 15.4, 81.8, 27.3, 0.0, 7.7, 30.8, 0.0]",44.5,99,51,1977856000,704
multi-robot,2,"[7.7, 16.7, 15.4, 0.0, 0.0, 0.0, 0.0, 0.0, 7.7, 0.0, 15.4, 76.9, 0.0, 0.0, 33.3, 0.0]",44.5,99,51,1977851904,704
multi-robot,2,"[0.0, 9.1, 16.7, 0.0, 0.0, 0.0, 0.0, 0.0, 8.3, 0.0, 8.3, 81.8, 0.0, 0.0, 27.3, 0.0]",44.5,99,51,1977851904,704
multi-robot,2,"[0.0, 0.0, 21.4, 0.0, 0.0, 0.0, 0.0, 0.0, 0.0, 0.0, 91.7, 0.0, 0.0, 0.0, 33.3, 0.0]",44.5,98,52,1977851904,704
multi-robot,2,"[0.0, 0.0, 21.4, 23.1, 0.0, 0.0, 0.0, 0.0, 0.0, 0.0, 33.3, 58.3, 0.0, 0.0, 25.0, 0.0]",44.5,98,52,1977851904,704
multi-robot,2,"[0.0, 0.0, 8.3, 23.1, 0.0, 0.0, 0.0, 0.0, 0.0, 9.1, 61.5, 33.3, 0.0, 0.0, 18.2, 8.3]",44.5,98,52,1978355712,704
multi-robot,2,"[7.7, 0.0, 28.6, 21.4, 0.0, 0.0, 0.0, 0.0, 7.7, 0.0, 8.3, 81.8, 0.0, 0.0, 25.0, 0.0]",44.5,98,52,1978355712,704
multi-robot,2,"[0.0, 0.0, 16.7, 0.0, 0.0, 0.0, 0.0, 7.7, 0.0, 0.0, 58.3, 38.5, 0.0, 0.0, 30.8, 0.0]",44.5,98,52,1978355712,704
multi-robot,3,"[11.4, 9.0, 6.2, 23.6, 5.8, 3.5, 1.1, 2.3, 5.5, 6.2, 8.2, 29.3, 0.9, 0.5, 1.8, 1.4]",45.125,93,52,2049458176,637
multi-robot,3,"[0.0, 0.0, 16.7, 57.1, 7.7, 38.5, 0.0, 0.0, 16.7, 0.0, 0.0, 23.1, 16.7, 0.0, 0.0, 0.0]",45.125,93,52,2049712128,637
multi-robot,3,"[0.0, 0.0, 8.3, 10.0, 16.7, 30.8, 0.0, 0.0, 7.7, 69.2, 0.0, 16.7, 15.4, 0.0, 7.7, 0.0]",45.125,93,53,2049933312,637
multi-robot,3,"[0.0, 0.0, 0.0, 16.7, 21.4, 16.7, 0.0, 0.0, 0.0, 83.3, 0.0, 7.1, 0.0, 0.0, 0.0, 0.0]",45.125,99,53,2049933312,637
multi-robot,3,"[7.7, 7.7, 61.5, 23.1, 15.4, 28.6, 0.0, 0.0, 0.0, 41.7, 0.0, 0.0, 0.0, 0.0, 0.0, 7.7]",45.0,99,53,2049933312,637
multi-robot,3,"[15.4, 41.7, 16.7, 23.1, 8.3, 18.2, 0.0, 0.0, 0.0, 7.7, 8.3, 0.0, 14.3, 0.0, 0.0, 0.0]",45.0,99,53,2049933312,637
multi-robot,3,"[0.0, 36.4, 41.7, 16.7, 0.0, 16.7, 7.7, 0.0, 0.0, 0.0, 16.7, 8.3, 8.3, 7.7, 0.0, 0.0]",45.0,99,53,2049929216,637
multi-robot,3,"[8.3, 25.0, 9.1, 18.2, 0.0, 16.7, 0.0, 7.7, 50.0, 0.0, 0.0, 0.0, 8.3, 0.0, 0.0, 0.0]",45.0,99,53,2049929216,637
multi-robot,3,"[7.7, 15.4, 69.2, 28.6, 0.0, 33.3, 0.0, 7.7, 8.3, 7.7, 7.7, 0.0, 16.7, 0.0, 0.0, 0.0]",45.0,99,53,2050949120,637
multi-robot,3,"[0.0, 0.0, 58.3, 9.1, 15.4, 61.5, 50.0, 0.0, 28.6, 0.0, 0.0, 0.0, 7.7, 0.0, 0.0, 0.0]",45.0,99,53,2054045696,637
multi-robot,3,"[0.0, 0.0, 64.3, 16.7, 8.3, 46.2, 25.0, 16.7, 36.4, 0.0, 0.0, 0.0, 0.0, 0.0, 0.0, 0.0]",45.0,99,53,2054045696,637
multi-robot,3,"[0.0, 0.0, 50.0, 16.7, 7.7, 10.0, 0.0, 7.7, 41.7, 0.0, 0.0, 0.0, 0.0, 0.0, 7.7, 0.0]",45.0,99,53,2054291456,637
multi-robot,3,"[0.0, 41.7, 25.0, 16.7, 21.4, 28.6, 7.7, 0.0, 38.5, 7.7, 0.0, 0.0, 0.0, 0.0, 8.3, 0.0]",45.0,99,53,2054291456,637
multi-robot,3,"[0.0, 30.8, 0.0, 9.1, 8.3, 23.1, 15.4, 0.0, 66.7, 0.0, 0.0, 0.0, 7.7, 0.0, 0.0, 0.0]",45.0,99,54,2054291456,637
multi-robot,3,"[0.0, 41.7, 0.0, 16.7, 15.4, 9.1, 0.0, 0.0, 46.2, 7.7, 0.0, 0.0, 15.4, 7.7, 0.0, 0.0]",45.0,99,54,2054291456,637
multi-robot,3,"[0.0, 53.8, 0.0, 23.1, 8.3, 15.4, 0.0, 7.7, 9.1, 30.8, 7.7, 0.0, 0.0, 9.1, 7.7, 0.0]",45.0,99,54,2054549504,637
multi-robot,3,"[0.0, 0.0, 7.7, 9.1, 0.0, 0.0, 0.0, 0.0, 30.8, 53.8, 8.3, 0.0, 7.7, 16.7, 7.7, 0.0]",45.0,99,54,2054549504,637
multi-robot,3,"[0.0, 0.0, 18.2, 0.0, 0.0, 8.3, 0.0, 0.0, 25.0, 53.8, 0.0, 23.1, 0.0, 16.7, 8.3, 7.7]",45.0,99,54,2054545408,637
multi-robot,3,"[0.0, 0.0, 36.4, 15.4, 0.0, 0.0, 0.0, 0.0, 53.8, 0.0, 0.0, 8.3, 0.0, 25.0, 7.7, 0.0]",45.0,99,54,2054545408,637
multi-robot,3,"[0.0, 0.0, 0.0, 46.2, 0.0, 15.4, 0.0, 0.0, 16.7, 41.7, 15.4, 0.0, 0.0, 16.7, 8.3, 0.0]",45.0,99,54,2054541312,637
multi-robot,4,"[12.5, 10.6, 14.4, 22.9, 3.0, 1.2, 0.7, 3.3, 6.2, 5.7, 8.0, 21.8, 3.7, 2.7, 8.5, 1.1]",45.375,99,54,2076004352,637
multi-robot,4,"[0.0, 83.3, 9.1, 23.1, 0.0, 14.3, 7.7, 0.0, 0.0, 7.7, 7.7, 0.0, 0.0, 7.7, 25.0, 0.0]",45.375,99,54,2076004352,637
multi-robot,4,"[0.0, 0.0, 7.7, 23.1, 7.7, 0.0, 0.0, 15.4, 46.2, 36.4, 7.7, 0.0, 7.1, 0.0, 0.0, 0.0]",45.375,99,55,2076258304,637
multi-robot,4,"[0.0, 0.0, 0.0, 0.0, 0.0, 0.0, 0.0, 23.1, 8.3, 92.3, 0.0, 16.7, 0.0, 0.0, 0.0, 0.0]",45.375,99,54,2076516352,637
multi-robot,4,"[0.0, 7.7, 0.0, 0.0, 0.0, 8.3, 7.7, 23.1, 58.3, 30.8, 0.0, 8.3, 0.0, 0.0, 0.0, 0.0]",45.375,99,55,2076516352,637
multi-robot,4,"[0.0, 0.0, 0.0, 0.0, 0.0, 8.3, 7.7, 36.4, 91.7, 15.4, 0.0, 16.7, 0.0, 0.0, 30.8, 14.3]",45.375,99,55,2076512256,637
multi-robot,4,"[0.0, 0.0, 0.0, 0.0, 0.0, 7.7, 0.0, 35.7, 33.3, 0.0, 58.3, 9.1, 0.0, 0.0, 16.7, 8.3]",45.375,99,55,2076512256,637
multi-robot,4,"[0.0, 25.0, 0.0, 16.7, 0.0, 0.0, 0.0, 23.1, 33.3, 0.0, 38.5, 0.0, 0.0, 0.0, 0.0, 0.0]",45.375,99,55,2076512256,637
multi-robot,4,"[0.0, 16.7, 0.0, 15.4, 0.0, 14.3, 0.0, 8.3, 53.8, 0.0, 25.0, 0.0, 0.0, 0.0, 8.3, 0.0]",45.375,99,55,2076512256,637
multi-robot,4,"[7.7, 0.0, 0.0, 16.7, 0.0, 8.3, 0.0, 0.0, 75.0, 7.7, 9.1, 0.0, 0.0, 7.7, 9.1, 8.3]",45.375,99,55,2076512256,637
multi-robot,4,"[7.7, 25.0, 25.0, 41.7, 0.0, 7.7, 0.0, 0.0, 28.6, 0.0, 0.0, 0.0, 0.0, 0.0, 23.1, 15.4]",45.375,99,55,2077016064,637
multi-robot,4,"[0.0, 0.0, 83.3, 8.3, 0.0, 0.0, 0.0, 0.0, 16.7, 0.0, 0.0, 0.0, 0.0, 0.0, 16.7, 23.1]",45.375,99,55,2077016064,637
multi-robot,4,"[0.0, 0.0, 8.3, 90.9, 0.0, 0.0, 7.7, 0.0, 9.1, 0.0, 0.0, 0.0, 0.0, 7.7, 18.2, 23.1]",45.375,99,55,2077016064,637
multi-robot,4,"[54.5, 9.1, 0.0, 8.3, 0.0, 0.0, 0.0, 0.0, 30.8, 0.0, 0.0, 0.0, 0.0, 0.0, 16.7, 15.4]",45.375,99,55,2077016064,637
multi-robot,4,"[25.0, 69.2, 7.7, 0.0, 0.0, 0.0, 16.7, 0.0, 8.3, 0.0, 0.0, 0.0, 0.0, 7.7, 0.0, 9.1]",45.375,99,55,2077016064,637
multi-robot,4,"[38.5, 53.8, 0.0, 0.0, 7.7, 0.0, 16.7, 0.0, 0.0, 0.0, 7.7, 16.7, 0.0, 0.0, 0.0, 8.3]",45.375,99,55,2077016064,637
multi-robot,4,"[80.0, 8.3, 0.0, 8.3, 0.0, 0.0, 0.0, 16.7, 0.0, 0.0, 0.0, 9.1, 7.7, 0.0, 0.0, 0.0]",45.375,99,55,2077016064,637
multi-robot,4,"[0.0, 75.0, 0.0, 25.0, 0.0, 0.0, 0.0, 0.0, 0.0, 0.0, 0.0, 8.3, 0.0, 7.7, 7.7, 0.0]",45.375,99,55,2077016064,637
multi-robot,4,"[7.7, 38.5, 61.5, 15.4, 0.0, 0.0, 21.4, 9.1, 0.0, 0.0, 0.0, 0.0, 0.0, 0.0, 0.0, 8.3]",45.375,99,56,2077016064,637
multi-robot,4,"[0.0, 8.3, 92.3, 9.1, 8.3, 0.0, 18.2, 7.7, 0.0, 0.0, 0.0, 0.0, 0.0, 0.0, 0.0, 0.0]",45.375,99,56,2077016064,637
multi-robot,5,"[24.3, 1.5, 2.6, 0.8, 4.7, 14.4, 11.0, 16.5, 4.3, 2.8, 3.6, 2.8, 33.1, 1.3, 14.5, 1.3]",45.125,98,52,2101964800,645
multi-robot,5,"[0.0, 7.7, 0.0, 0.0, 8.3, 30.8, 23.1, 83.3, 0.0, 15.4, 0.0, 0.0, 0.0, 0.0, 0.0, 7.7]",45.125,98,52,2101964800,645
multi-robot,5,"[0.0, 0.0, 0.0, 0.0, 0.0, 16.7, 8.3, 92.3, 15.4, 7.7, 0.0, 0.0, 0.0, 0.0, 0.0, 0.0]",45.25,98,52,2101964800,645
multi-robot,5,"[0.0, 0.0, 0.0, 7.7, 25.0, 0.0, 16.7, 92.3, 21.4, 0.0, 0.0, 0.0, 0.0, 0.0, 7.7, 0.0]",45.25,99,53,2101960704,645
multi-robot,5,"[0.0, 0.0, 0.0, 0.0, 15.4, 0.0, 8.3, 72.7, 7.7, 8.3, 0.0, 0.0, 7.7, 25.0, 0.0, 16.7]",45.375,99,53,2102218752,645
multi-robot,5,"[8.3, 0.0, 0.0, 0.0, 0.0, 0.0, 16.7, 30.8, 0.0, 7.7, 0.0, 0.0, 66.7, 25.0, 8.3, 16.7]",45.375,99,53,2102218752,645
multi-robot,5,"[0.0, 0.0, 0.0, 0.0, 23.1, 0.0, 9.1, 0.0, 0.0, 8.3, 0.0, 0.0, 91.7, 0.0, 0.0, 0.0]",45.375,99,53,2102218752,645
multi-robot,5,"[0.0, 0.0, 0.0, 0.0, 25.0, 0.0, 8.3, 0.0, 0.0, 0.0, 0.0, 0.0, 91.7, 0.0, 0.0, 0.0]",45.5,99,53,2102460416,645
multi-robot,5,"[0.0, 0.0, 7.7, 0.0, 23.1, 0.0, 16.7, 7.7, 15.4, 8.3, 0.0, 14.3, 92.3, 7.7, 7.7, 0.0]",45.625,99,53,2102460416,645
multi-robot,5,"[0.0, 0.0, 0.0, 0.0, 25.0, 0.0, 9.1, 0.0, 15.4, 8.3, 0.0, 0.0, 0.0, 91.7, 0.0, 0.0]",45.625,99,53,2102460416,645
multi-robot,5,"[0.0, 0.0, 0.0, 0.0, 23.1, 0.0, 15.4, 0.0, 15.4, 8.3, 0.0, 0.0, 25.0, 54.5, 8.3, 16.7]",45.625,99,53,2102460416,645
multi-robot,5,"[0.0, 0.0, 0.0, 0.0, 23.1, 0.0, 16.7, 0.0, 28.6, 7.7, 7.7, 0.0, 41.7, 33.3, 0.0, 9.1]",45.625,99,53,2102460416,645
multi-robot,5,"[0.0, 0.0, 7.7, 0.0, 25.0, 0.0, 21.4, 0.0, 0.0, 0.0, 0.0, 0.0, 0.0, 84.6, 0.0, 0.0]",45.625,99,54,2102460416,645
multi-robot,5,"[0.0, 0.0, 0.0, 0.0, 9.1, 0.0, 16.7, 0.0, 7.7, 7.7, 0.0, 7.7, 0.0, 72.7, 25.0, 0.0]",45.625,99,53,2102460416,645
multi-robot,5,"[0.0, 0.0, 0.0, 0.0, 9.1, 0.0, 8.3, 7.7, 0.0, 8.3, 0.0, 0.0, 0.0, 25.0, 76.9, 0.0]",45.625,99,54,2102460416,645
multi-robot,5,"[0.0, 0.0, 0.0, 0.0, 18.2, 0.0, 8.3, 0.0, 8.3, 0.0, 7.7, 0.0, 0.0, 23.1, 76.9, 0.0]",45.625,99,54,2102448128,645
multi-robot,5,"[0.0, 0.0, 0.0, 0.0, 16.7, 0.0, 16.7, 0.0, 8.3, 0.0, 8.3, 0.0, 7.7, 58.3, 36.4, 0.0]",45.625,99,54,2102448128,645
multi-robot,5,"[7.7, 0.0, 0.0, 0.0, 16.7, 0.0, 8.3, 0.0, 8.3, 0.0, 14.3, 7.7, 0.0, 18.2, 69.2, 0.0]",45.75,99,54,2102448128,645
multi-robot,5,"[0.0, 14.3, 7.7, 0.0, 25.0, 0.0, 8.3, 0.0, 0.0, 0.0, 0.0, 21.4, 7.7, 50.0, 46.2, 0.0]",45.75,99,54,2102448128,645
multi-robot,5,"[0.0, 0.0, 0.0, 0.0, 8.3, 7.7, 23.1, 8.3, 0.0, 0.0, 0.0, 0.0, 0.0, 0.0, 90.9, 0.0]",45.75,99,54,2102448128,645
multi-robot,6,"[9.0, 2.9, 8.7, 8.6, 21.8, 11.0, 12.9, 7.6, 4.8, 4.0, 8.3, 12.3, 1.1, 5.1, 11.2, 3.5]",46.125,100,54,2118676480,671
multi-robot,6,"[0.0, 0.0, 0.0, 0.0, 7.7, 0.0, 0.0, 0.0, 0.0, 0.0, 15.4, 23.1, 92.3, 0.0, 0.0, 14.3]",46.0,100,54,2118934528,671
multi-robot,6,"[7.7, 0.0, 0.0, 21.4, 0.0, 0.0, 0.0, 0.0, 0.0, 7.7, 8.3, 18.2, 91.7, 0.0, 7.7, 15.4]",46.0,100,54,2118934528,661
multi-robot,6,"[0.0, 23.1, 7.1, 7.7, 0.0, 0.0, 0.0, 0.0, 0.0, 0.0, 0.0, 15.4, 100.0, 0.0, 0.0, 15.4]",46.0,100,54,2119192576,661
multi-robot,6,"[0.0, 25.0, 0.0, 0.0, 0.0, 0.0, 0.0, 15.4, 69.2, 0.0, 15.4, 0.0, 8.3, 0.0, 0.0, 21.4]",46.0,100,54,2119192576,661
multi-robot,6,"[15.4, 7.7, 0.0, 0.0, 0.0, 0.0, 0.0, 0.0, 9.1, 0.0, 36.4, 71.4, 0.0, 0.0, 0.0, 0.0]",46.0,100,54,2119192576,661
multi-robot,6,"[0.0, 0.0, 0.0, 0.0, 0.0, 0.0, 0.0, 0.0, 7.7, 0.0, 53.8, 53.8, 7.7, 7.7, 0.0, 9.1]",46.0,100,54,2119192576,661
multi-robot,6,"[15.4, 100.0, 0.0, 0.0, 0.0, 7.7, 0.0, 0.0, 0.0, 7.7, 9.1, 0.0, 0.0, 0.0, 0.0, 0.0]",46.0,100,54,2119192576,661
multi-robot,6,"[8.3, 100.0, 0.0, 0.0, 7.7, 0.0, 0.0, 0.0, 8.3, 8.3, 9.1, 0.0, 0.0, 0.0, 0.0, 8.3]",46.0,100,54,2119192576,661
multi-robot,6,"[0.0, 91.7, 0.0, 33.3, 0.0, 0.0, 0.0, 0.0, 23.1, 8.3, 38.5, 0.0, 0.0, 0.0, 0.0, 15.4]",46.0,100,54,2119450624,661
multi-robot,6,"[8.3, 100.0, 0.0, 8.3, 0.0, 0.0, 0.0, 0.0, 0.0, 15.4, 9.1, 0.0, 0.0, 0.0, 7.7, 21.4]",46.0,100,54,2119450624,661
multi-robot,6,"[9.1, 92.3, 0.0, 0.0, 15.4, 0.0, 7.7, 0.0, 0.0, 0.0, 8.3, 16.7, 0.0, 0.0, 0.0, 0.0]",46.0,100,54,2119450624,661
multi-robot,6,"[15.4, 25.0, 0.0, 7.7, 8.3, 0.0, 0.0, 0.0, 0.0, 7.7, 18.2, 75.0, 0.0, 0.0, 0.0, 0.0]",46.0,100,54,2119450624,661
multi-robot,6,"[15.4, 16.7, 7.7, 0.0, 0.0, 0.0, 0.0, 0.0, 7.7, 0.0, 23.1, 78.6, 7.1, 0.0, 7.7, 0.0]",46.0,100,54,2119450624,661
multi-robot,6,"[15.4, 58.3, 16.7, 16.7, 0.0, 7.7, 7.1, 0.0, 0.0, 0.0, 0.0, 8.3, 0.0, 7.7, 0.0, 8.3]",46.0,100,55,2119450624,661
multi-robot,6,"[8.3, 33.3, 54.5, 18.2, 0.0, 0.0, 0.0, 0.0, 0.0, 8.3, 0.0, 7.7, 0.0, 0.0, 0.0, 0.0]",46.0,100,55,2119450624,661
multi-robot,6,"[8.3, 0.0, 23.1, 84.6, 0.0, 0.0, 0.0, 0.0, 0.0, 0.0, 8.3, 16.7, 0.0, 0.0, 0.0, 0.0]",46.125,100,55,2119450624,661
multi-robot,6,"[8.3, 0.0, 0.0, 69.2, 0.0, 0.0, 0.0, 0.0, 0.0, 38.5, 7.7, 23.1, 0.0, 0.0, 7.7, 0.0]",46.125,100,55,2112729088,661
multi-robot,6,"[15.4, 0.0, 0.0, 0.0, 15.4, 7.7, 0.0, 0.0, 0.0, 41.7, 18.2, 50.0, 0.0, 0.0, 0.0, 0.0]",46.125,100,55,2112942080,661
multi-robot,6,"[8.3, 7.7, 0.0, 0.0, 15.4, 0.0, 0.0, 7.7, 0.0, 54.5, 15.4, 46.2, 0.0, 0.0, 0.0, 0.0]",46.125,100,55,2112942080,661
multi-robot,8,"[36.1, 9.7, 24.0, 13.3, 1.4, 1.4, 9.0, 3.4, 4.2, 4.9, 27.1, 8.6, 1.4, 0.7, 1.4, 1.4]",45.375,100,53,2163281920,661
multi-robot,8,"[0.0, 8.3, 75.0, 38.5, 7.7, 0.0, 8.3, 7.7, 0.0, 0.0, 0.0, 15.4, 0.0, 0.0, 0.0, 0.0]",45.375,100,53,2163281920,661
multi-robot,8,"[0.0, 0.0, 91.7, 0.0, 0.0, 0.0, 15.4, 0.0, 0.0, 0.0, 0.0, 23.1, 0.0, 0.0, 0.0, 0.0]",45.375,100,53,2163281920,661
multi-robot,8,"[0.0, 0.0, 54.5, 41.7, 14.3, 0.0, 8.3, 14.3, 0.0, 7.1, 7.7, 9.1, 7.7, 7.7, 0.0, 0.0]",45.375,100,53,2163539968,661
multi-robot,8,"[0.0, 0.0, 0.0, 100.0, 8.3, 0.0, 9.1, 0.0, 0.0, 0.0, 0.0, 30.8, 0.0, 0.0, 0.0, 0.0]",45.5,100,53,2164273152,661
multi-robot,8,"[0.0, 8.3, 14.3, 75.0, 0.0, 0.0, 8.3, 0.0, 25.0, 0.0, 0.0, 15.4, 0.0, 0.0, 0.0, 0.0]",45.625,100,53,2164531200,661
multi-robot,8,"[0.0, 15.4, 7.7, 71.4, 0.0, 28.6, 15.4, 0.0, 0.0, 18.2, 7.7, 0.0, 0.0, 0.0, 0.0, 7.7]",45.625,100,53,2164531200,661
multi-robot,8,"[0.0, 14.3, 15.4, 66.7, 7.7, 25.0, 8.3, 0.0, 0.0, 35.7, 0.0, 0.0, 0.0, 0.0, 7.7, 0.0]",45.625,100,53,2165006336,661
multi-robot,8,"[7.7, 21.4, 0.0, 33.3, 8.3, 18.2, 0.0, 0.0, 0.0, 45.5, 23.1, 0.0, 7.7, 0.0, 0.0, 8.3]",45.625,100,53,2165006336,661
multi-robot,8,"[0.0, 0.0, 0.0, 0.0, 7.7, 16.7, 0.0, 0.0, 16.7, 30.8, 45.5, 0.0, 0.0, 0.0, 0.0, 8.3]",45.625,100,53,2165006336,661
multi-robot,8,"[0.0, 0.0, 0.0, 7.1, 8.3, 35.7, 0.0, 7.7, 33.3, 0.0, 46.2, 16.7, 0.0, 0.0, 0.0, 8.3]",45.625,100,53,2165002240,661
multi-robot,8,"[7.7, 0.0, 0.0, 0.0, 0.0, 16.7, 7.7, 7.7, 91.7, 0.0, 7.7, 0.0, 0.0, 0.0, 0.0, 0.0]",45.625,100,53,2165002240,661
multi-robot,8,"[0.0, 50.0, 0.0, 0.0, 16.7, 25.0, 0.0, 0.0, 50.0, 0.0, 0.0, 0.0, 16.7, 0.0, 0.0, 7.7]",45.5,100,54,2165002240,661
multi-robot,8,"[0.0, 8.3, 0.0, 0.0, 7.7, 23.1, 0.0, 0.0, 58.3, 7.7, 41.7, 0.0, 0.0, 0.0, 7.7, 15.4]",45.5,100,54,2165002240,661
multi-robot,8,"[0.0, 21.4, 16.7, 0.0, 8.3, 16.7, 0.0, 0.0, 69.2, 7.7, 8.3, 0.0, 7.7, 7.7, 7.7, 8.3]",45.5,100,54,2165002240,661
multi-robot,8,"[0.0, 8.3, 7.7, 0.0, 0.0, 25.0, 0.0, 0.0, 69.2, 25.0, 0.0, 0.0, 7.7, 0.0, 0.0, 8.3]",45.5,100,54,2165002240,661
multi-robot,8,"[0.0, 14.3, 14.3, 0.0, 0.0, 23.1, 0.0, 0.0, 9.1, 0.0, 75.0, 7.7, 0.0, 7.7, 0.0, 7.7]",45.5,100,54,2165002240,661
multi-robot,8,"[0.0, 0.0, 0.0, 7.7, 7.7, 16.7, 0.0, 0.0, 0.0, 0.0, 92.3, 0.0, 0.0, 16.7, 0.0, 0.0]",45.5,100,54,2165002240,661
multi-robot,8,"[0.0, 0.0, 0.0, 0.0, 8.3, 30.8, 0.0, 0.0, 50.0, 0.0, 53.8, 0.0, 0.0, 8.3, 0.0, 0.0]",45.5,100,54,2165002240,661
multi-robot,8,"[0.0, 0.0, 0.0, 0.0, 0.0, 23.1, 7.1, 0.0, 92.3, 0.0, 0.0, 0.0, 0.0, 15.4, 0.0, 0.0]",45.5,100,54,2165002240,661
multi-robot,10,"[4.7, 1.5, 1.4, 1.4, 18.8, 5.4, 13.4, 8.7, 4.9, 2.0, 4.6, 2.6, 44.3, 7.9, 5.9, 3.5]",46.875,100,53,2217455616,681
multi-robot,10,"[0.0, 0.0, 0.0, 0.0, 15.4, 8.3, 16.7, 0.0, 0.0, 8.3, 15.4, 25.0, 0.0, 50.0, 16.7, 8.3]",46.75,100,53,2217455616,681
multi-robot,10,"[0.0, 0.0, 0.0, 0.0, 0.0, 0.0, 0.0, 38.5, 0.0, 0.0, 16.7, 16.7, 0.0, 41.7, 16.7, 8.3]",46.625,100,53,2217947136,681
multi-robot,10,"[0.0, 0.0, 0.0, 0.0, 8.3, 0.0, 0.0, 0.0, 0.0, 0.0, 7.7, 25.0, 0.0, 38.5, 66.7, 0.0]",46.625,100,53,2217947136,681
multi-robot,10,"[0.0, 14.3, 0.0, 0.0, 0.0, 0.0, 0.0, 0.0, 15.4, 0.0, 15.4, 16.7, 0.0, 58.3, 41.7, 0.0]",46.5,100,53,2217947136,681
multi-robot,10,"[7.7, 0.0, 7.7, 0.0, 15.4, 7.7, 0.0, 0.0, 0.0, 7.1, 18.2, 25.0, 8.3, 50.0, 15.4, 15.4]",46.5,100,53,2217947136,681
multi-robot,10,"[0.0, 0.0, 0.0, 0.0, 0.0, 0.0, 0.0, 0.0, 0.0, 0.0, 15.4, 18.2, 84.6, 0.0, 0.0, 23.1]",46.5,100,53,2217947136,681
multi-robot,10,"[0.0, 0.0, 7.7, 0.0, 8.3, 18.2, 7.7, 0.0, 0.0, 7.7, 0.0, 28.6, 25.0, 0.0, 0.0, 50.0]",46.5,100,53,2217947136,681
multi-robot,10,"[0.0, 0.0, 0.0, 0.0, 8.3, 50.0, 7.1, 0.0, 0.0, 0.0, 0.0, 23.1, 0.0, 0.0, 0.0, 45.5]",46.375,100,54,2217947136,681
multi-robot,10,"[0.0, 7.7, 0.0, 0.0, 8.3, 100.0, 0.0, 0.0, 7.7, 7.7, 0.0, 28.6, 0.0, 7.1, 0.0, 0.0]",46.375,100,54,2217947136,681
multi-robot,10,"[0.0, 0.0, 0.0, 0.0, 15.4, 0.0, 0.0, 0.0, 7.1, 15.4, 15.4, 18.2, 0.0, 0.0, 84.6, 8.3]",46.375,100,54,2218172416,681
multi-robot,10,"[7.7, 0.0, 7.7, 0.0, 8.3, 0.0, 0.0, 25.0, 0.0, 7.7, 14.3, 23.1, 23.1, 0.0, 16.7, 41.7]",46.25,100,54,2218172416,681
multi-robot,10,"[0.0, 0.0, 0.0, 0.0, 0.0, 0.0, 0.0, 16.7, 0.0, 0.0, 23.1, 25.0, 0.0, 0.0, 84.6, 15.4]",46.25,100,54,2218172416,681
multi-robot,10,"[0.0, 0.0, 0.0, 23.1, 0.0, 8.3, 0.0, 0.0, 0.0, 7.7, 0.0, 0.0, 0.0, 0.0, 83.3, 8.3]",46.25,100,54,2218172416,681
multi-robot,10,"[0.0, 0.0, 0.0, 18.2, 0.0, 0.0, 0.0, 0.0, 0.0, 8.3, 0.0, 0.0, 0.0, 0.0, 92.3, 0.0]",46.25,100,54,2218172416,681
multi-robot,10,"[0.0, 0.0, 0.0, 9.1, 0.0, 0.0, 0.0, 0.0, 0.0, 0.0, 8.3, 0.0, 0.0, 7.7, 100.0, 7.7]",46.25,100,54,2218172416,681
multi-robot,10,"[0.0, 7.7, 0.0, 7.7, 18.2, 7.7, 0.0, 7.7, 7.1, 0.0, 0.0, 23.1, 36.4, 0.0, 38.5, 15.4]",46.375,100,54,2218172416,681
multi-robot,10,"[14.3, 0.0, 0.0, 0.0, 0.0, 41.7, 0.0, 0.0, 0.0, 0.0, 20.0, 25.0, 16.7, 41.7, 0.0, 0.0]",46.375,100,54,2218172416,681
multi-robot,10,"[15.4, 0.0, 0.0, 0.0, 25.0, 0.0, 7.7, 0.0, 0.0, 0.0, 23.1, 8.3, 7.7, 8.3, 75.0, 0.0]",46.375,100,54,2218414080,681
multi-robot,10,"[15.4, 0.0, 0.0, 0.0, 15.4, 8.3, 0.0, 0.0, 0.0, 0.0, 7.7, 23.1, 0.0, 41.7, 41.7, 0.0]",46.375,100,54,2218414080,681
multi-robot,12,"[9.4, 4.2, 12.3, 11.4, 3.4, 8.1, 6.2, 3.6, 3.8, 7.4, 5.5, 22.4, 0.8, 1.1, 0.6, 1.1]",46.125,100,54,2285731840,677
multi-robot,12,"[7.7, 0.0, 23.1, 0.0, 0.0, 50.0, 53.8, 0.0, 7.7, 0.0, 8.3, 7.7, 0.0, 0.0, 0.0, 21.4]",46.125,100,54,2285731840,677
multi-robot,12,"[0.0, 0.0, 0.0, 0.0, 0.0, 7.7, 8.3, 45.5, 0.0, 0.0, 23.1, 0.0, 0.0, 41.7, 0.0, 21.4]",46.125,100,54,2285961216,677
multi-robot,12,"[0.0, 0.0, 0.0, 0.0, 0.0, 0.0, 0.0, 92.9, 7.7, 0.0, 25.0, 0.0, 0.0, 0.0, 0.0, 8.3]",46.25,100,54,2285961216,677
multi-robot,12,"[0.0, 0.0, 0.0, 0.0, 0.0, 7.7, 0.0, 100.0, 0.0, 0.0, 16.7, 0.0, 0.0, 0.0, 0.0, 0.0]",46.25,100,54,2285961216,677
multi-robot,12,"[0.0, 0.0, 0.0, 0.0, 0.0, 0.0, 0.0, 28.6, 7.7, 7.7, 25.0, 0.0, 0.0, 71.4, 0.0, 0.0]",46.25,100,54,2285961216,677
multi-robot,12,"[0.0, 0.0, 0.0, 7.7, 0.0, 7.7, 0.0, 0.0, 0.0, 26.7, 9.1, 0.0, 0.0, 91.7, 7.7, 0.0]",46.25,100,54,2285961216,677
multi-robot,12,"[7.7, 0.0, 7.7, 14.3, 14.3, 15.4, 7.1, 100.0, 13.3, 26.7, 23.1, 7.7, 0.0, 0.0, 0.0, 0.0]",46.25,100,54,2285961216,677
multi-robot,12,"[0.0, 16.7, 0.0, 0.0, 0.0, 7.7, 0.0, 27.3, 0.0, 8.3, 8.3, 7.7, 0.0, 61.5, 0.0, 15.4]",46.25,100,54,2285961216,677
multi-robot,12,"[0.0, 16.7, 0.0, 0.0, 15.4, 0.0, 0.0, 0.0, 7.7, 0.0, 0.0, 0.0, 0.0, 8.3, 0.0, 91.7]",46.25,100,54,2285961216,677
multi-robot,12,"[0.0, 23.1, 0.0, 0.0, 15.4, 7.7, 0.0, 0.0, 0.0, 9.1, 0.0, 0.0, 0.0, 58.3, 42.9, 7.1]",46.25,100,54,2285961216,677
multi-robot,12,"[7.7, 18.2, 7.7, 0.0, 0.0, 9.1, 8.3, 0.0, 7.7, 26.7, 0.0, 7.7, 7.7, 28.6, 83.3, 0.0]",46.25,100,54,2285961216,677
multi-robot,12,"[0.0, 23.1, 0.0, 7.7, 0.0, 92.3, 0.0, 7.7, 0.0, 8.3, 0.0, 0.0, 7.1, 8.3, 7.7, 0.0]",46.25,100,54,2285961216,677
multi-robot,12,"[0.0, 0.0, 0.0, 0.0, 0.0, 18.2, 8.3, 7.7, 7.7, 0.0, 16.7, 0.0, 0.0, 75.0, 0.0, 0.0]",46.25,100,55,2285961216,677
multi-robot,12,"[0.0, 0.0, 0.0, 0.0, 0.0, 0.0, 7.7, 0.0, 0.0, 0.0, 18.2, 0.0, 0.0, 57.1, 41.7, 0.0]",46.25,100,55,2285961216,677
multi-robot,12,"[7.7, 0.0, 0.0, 0.0, 0.0, 0.0, 0.0, 0.0, 0.0, 15.4, 16.7, 0.0, 69.2, 0.0, 15.4, 16.7]",46.25,100,55,2285961216,677
multi-robot,12,"[0.0, 7.7, 0.0, 0.0, 0.0, 0.0, 14.3, 0.0, 7.7, 0.0, 9.1, 0.0, 100.0, 0.0, 0.0, 0.0]",46.375,100,55,2285961216,677
multi-robot,12,"[0.0, 7.7, 0.0, 0.0, 15.4, 0.0, 0.0, 0.0, 0.0, 0.0, 23.1, 0.0, 100.0, 0.0, 0.0, 0.0]",46.5,100,55,2285961216,677
multi-robot,12,"[0.0, 0.0, 7.7, 0.0, 21.4, 7.7, 14.3, 7.7, 7.7, 21.4, 10.0, 7.7, 92.3, 0.0, 0.0, 0.0]",46.5,100,55,2285961216,677
multi-robot,12,"[7.7, 0.0, 0.0, 7.7, 21.4, 7.7, 0.0, 0.0, 0.0, 15.4, 23.1, 7.7, 100.0, 0.0, 7.7, 0.0]",46.625,100,55,2285961216,677
multi-robot,15,"[11.3, 5.0, 8.2, 12.9, 28.4, 7.9, 6.1, 5.4, 6.9, 6.4, 6.5, 4.2, 9.7, 4.7, 2.3, 2.7]",46.5,100,54,2377236480,693
multi-robot,15,"[0.0, 8.3, 0.0, 0.0, 23.1, 0.0, 0.0, 8.3, 15.4, 21.4, 0.0, 0.0, 27.3, 41.7, 0.0, 7.7]",46.5,100,54,2377732096,693
multi-robot,15,"[0.0, 25.0, 0.0, 0.0, 0.0, 8.3, 0.0, 23.1, 36.4, 8.3, 7.7, 7.7, 23.1, 15.4, 7.7, 0.0]",46.5,100,54,2377732096,693
multi-robot,15,"[0.0, 30.8, 0.0, 0.0, 7.7, 0.0, 0.0, 0.0, 100.0, 15.4, 0.0, 8.3, 7.7, 0.0, 7.1, 7.7]",46.5,100,54,2377732096,693
multi-robot,15,"[0.0, 25.0, 69.2, 7.7, 7.7, 0.0, 0.0, 0.0, 16.7, 8.3, 7.7, 0.0, 0.0, 0.0, 0.0, 0.0]",46.5,100,54,2377977856,693
multi-robot,15,"[8.3, 15.4, 25.0, 0.0, 54.5, 0.0, 38.5, 0.0, 0.0, 0.0, 15.4, 0.0, 0.0, 7.7, 0.0, 0.0]",46.5,100,54,2377977856,693
multi-robot,15,"[0.0, 0.0, 10.0, 7.7, 30.8, 8.3, 41.7, 7.7, 0.0, 15.4, 8.3, 0.0, 15.4, 0.0, 0.0, 0.0]",46.5,100,54,2377977856,693
multi-robot,15,"[0.0, 0.0, 25.0, 15.4, 0.0, 0.0, 100.0, 0.0, 7.7, 8.3, 15.4, 0.0, 0.0, 0.0, 0.0, 0.0]",46.5,100,55,2377977856,693
multi-robot,15,"[7.7, 0.0, 30.8, 15.4, 7.7, 0.0, 38.5, 16.7, 15.4, 8.3, 0.0, 0.0, 9.1, 38.5, 7.7, 0.0]",46.5,100,55,2378477568,693
multi-robot,15,"[0.0, 7.7, 16.7, 15.4, 0.0, 0.0, 0.0, 61.5, 0.0, 8.3, 0.0, 0.0, 33.3, 0.0, 0.0, 7.7]",46.5,100,55,2378477568,693
multi-robot,15,"[0.0, 0.0, 18.2, 0.0, 0.0, 0.0, 7.7, 0.0, 0.0, 16.7, 7.7, 7.7, 100.0, 7.7, 0.0, 0.0]",46.5,100,55,2378477568,693
multi-robot,15,"[0.0, 0.0, 25.0, 0.0, 36.4, 0.0, 0.0, 41.7, 15.4, 8.3, 0.0, 0.0, 0.0, 0.0, 0.0, 0.0]",46.5,100,55,2378477568,693
multi-robot,15,"[7.7, 0.0, 30.8, 0.0, 46.2, 7.7, 18.2, 8.3, 8.3, 8.3, 0.0, 0.0, 23.1, 8.3, 8.3, 0.0]",46.5,100,55,2378477568,693
multi-robot,15,"[0.0, 0.0, 23.1, 0.0, 25.0, 16.7, 0.0, 7.7, 0.0, 8.3, 0.0, 0.0, 33.3, 25.0, 7.7, 0.0]",46.375,100,55,2378477568,693
multi-robot,15,"[0.0, 0.0, 25.0, 0.0, 8.3, 8.3, 0.0, 8.3, 8.3, 15.4, 8.3, 0.0, 41.7, 0.0, 0.0, 41.7]",46.375,100,55,2378477568,693
multi-robot,15,"[0.0, 0.0, 9.1, 0.0, 0.0, 25.0, 0.0, 0.0, 0.0, 16.7, 15.4, 0.0, 8.3, 0.0, 0.0, 63.6]",46.375,100,55,2378477568,693
multi-robot,15,"[7.7, 7.7, 25.0, 7.7, 0.0, 8.3, 0.0, 0.0, 0.0, 8.3, 21.4, 8.3, 46.2, 27.3, 0.0, 15.4]",46.375,100,55,2378477568,693
multi-robot,15,"[0.0, 0.0, 25.0, 0.0, 0.0, 75.0, 15.4, 0.0, 8.3, 8.3, 15.4, 0.0, 0.0, 15.4, 0.0, 7.7]",46.375,100,55,2378477568,693
multi-robot,15,"[0.0, 0.0, 0.0, 16.7, 8.3, 25.0, 0.0, 0.0, 7.7, 8.3, 0.0, 0.0, 0.0, 33.3, 0.0, 27.3]",46.375,100,55,2378477568,693
multi-robot,15,"[7.7, 0.0, 9.1, 23.1, 46.2, 41.7, 7.7, 7.7, 0.0, 8.3, 0.0, 0.0, 0.0, 16.7, 7.7, 8.3]",46.25,100,55,2378477568,693
multi-robot,20,"[5.8, 11.7, 8.1, 5.7, 17.5, 6.0, 5.5, 5.4, 4.9, 9.3, 4.4, 7.4, 14.5, 13.2, 7.0, 5.2]",44.375,100,51,2536615936,693
multi-robot,20,"[0.0, 0.0, 15.4, 0.0, 0.0, 7.7, 14.3, 16.7, 16.7, 16.7, 36.4, 0.0, 0.0, 41.7, 0.0, 0.0]",44.375,100,52,2536615936,693
multi-robot,20,"[0.0, 15.4, 21.4, 7.7, 0.0, 0.0, 0.0, 0.0, 7.7, 16.7, 30.8, 75.0, 14.3, 0.0, 0.0, 7.7]",44.375,100,52,2536615936,693
multi-robot,20,"[7.7, 23.1, 15.4, 15.4, 0.0, 0.0, 0.0, 0.0, 7.7, 53.8, 0.0, 41.7, 7.7, 0.0, 7.7, 0.0]",44.5,100,52,2536615936,693
multi-robot,20,"[0.0, 18.2, 8.3, 21.4, 0.0, 0.0, 0.0, 0.0, 0.0, 9.1, 0.0, 90.9, 0.0, 0.0, 7.7, 0.0]",44.625,100,52,2536615936,693
multi-robot,20,"[8.3, 23.1, 15.4, 15.4, 0.0, 0.0, 7.7, 0.0, 15.4, 0.0, 0.0, 84.6, 0.0, 0.0, 0.0, 0.0]",44.75,100,52,2537115648,693
multi-robot,20,"[36.4, 25.0, 15.4, 8.3, 0.0, 0.0, 8.3, 0.0, 7.7, 0.0, 0.0, 53.8, 0.0, 0.0, 0.0, 0.0]",44.75,100,52,2537115648,693
multi-robot,20,"[92.9, 18.2, 8.3, 0.0, 0.0, 0.0, 7.7, 0.0, 0.0, 0.0, 0.0, 0.0, 0.0, 0.0, 0.0, 0.0]",44.75,100,52,2537115648,693
multi-robot,20,"[0.0, 16.7, 8.3, 25.0, 0.0, 0.0, 0.0, 0.0, 7.7, 69.2, 0.0, 0.0, 0.0, 0.0, 0.0, 0.0]",44.75,100,52,2537115648,693
multi-robot,20,"[18.2, 50.0, 8.3, 0.0, 0.0, 0.0, 0.0, 0.0, 7.7, 25.0, 23.1, 0.0, 0.0, 0.0, 7.7, 0.0]",44.75,100,52,2537115648,693
multi-robot,20,"[92.9, 25.0, 8.3, 7.7, 0.0, 0.0, 15.4, 0.0, 0.0, 8.3, 7.7, 0.0, 0.0, 0.0, 0.0, 0.0]",44.75,100,52,2537115648,693
multi-robot,20,"[30.8, 16.7, 0.0, 7.7, 7.7, 0.0, 0.0, 0.0, 8.3, 21.4, 66.7, 0.0, 8.3, 7.7, 0.0, 0.0]",44.75,100,52,2537115648,693
multi-robot,20,"[0.0, 8.3, 14.3, 0.0, 25.0, 0.0, 7.7, 0.0, 0.0, 15.4, 16.7, 0.0, 33.3, 0.0, 38.5, 14.3]",44.75,100,52,2537115648,693
multi-robot,20,"[0.0, 0.0, 9.1, 0.0, 0.0, 7.7, 0.0, 41.7, 0.0, 15.4, 23.1, 0.0, 0.0, 0.0, 41.7, 25.0]",44.75,100,52,2537111552,693
multi-robot,20,"[0.0, 5.3, 5.6, 0.0, 0.0, 5.3, 0.0, 42.1, 5.0, 5.6, 26.3, 0.0, 0.0, 0.0, 50.0, 5.6]",44.75,100,53,2537111552,693
multi-robot,20,"[0.0, 0.0, 15.4, 0.0, 0.0, 0.0, 8.3, 0.0, 0.0, 0.0, 25.0, 0.0, 0.0, 14.3, 100.0, 0.0]",44.75,100,53,2537111552,693
multi-robot,20,"[0.0, 0.0, 8.3, 0.0, 50.0, 0.0, 0.0, 30.8, 0.0, 0.0, 25.0, 0.0, 0.0, 0.0, 23.1, 7.7]",44.75,100,53,2537111552,693
multi-robot,20,"[0.0, 14.3, 8.3, 0.0, 100.0, 7.7, 0.0, 0.0, 7.7, 0.0, 25.0, 7.7, 0.0, 0.0, 0.0, 0.0]",44.75,100,53,2537111552,693
multi-robot,20,"[0.0, 27.3, 0.0, 0.0, 91.7, 0.0, 0.0, 7.7, 21.4, 0.0, 8.3, 0.0, 7.7, 0.0, 0.0, 8.3]",45.0,100,53,2537111552,693
multi-robot,20,"[0.0, 30.8, 0.0, 0.0, 50.0, 0.0, 0.0, 18.2, 23.1, 7.7, 9.1, 7.7, 0.0, 33.3, 0.0, 15.4]",45.0,100,53,2537111552,693
multi-robot,25,"[2.0, 2.0, 5.3, 6.4, 11.1, 12.8, 12.6, 7.9, 2.5, 7.3, 1.4, 4.6, 11.1, 24.0, 21.1, 10.5]",46.5,100,53,2685894656,719
multi-robot,25,"[0.0, 0.0, 0.0, 0.0, 9.1, 23.1, 0.0, 75.0, 0.0, 33.3, 8.3, 0.0, 0.0, 7.7, 0.0, 8.3]",46.5,100,53,2686140416,719
multi-robot,25,"[7.7, 16.7, 7.7, 0.0, 0.0, 0.0, 0.0, 45.5, 0.0, 16.7, 0.0, 0.0, 50.0, 7.7, 0.0, 0.0]",46.5,100,54,2686140416,719
multi-robot,25,"[15.4, 15.4, 7.7, 0.0, 8.3, 7.7, 0.0, 35.7, 0.0, 23.1, 0.0, 0.0, 50.0, 0.0, 7.7, 23.1]",46.5,100,53,2686140416,719
multi-robot,25,"[9.1, 8.3, 0.0, 0.0, 38.5, 0.0, 0.0, 63.6, 0.0, 8.3, 16.7, 0.0, 0.0, 0.0, 0.0, 0.0]",46.5,100,54,2686627840,719
multi-robot,25,"[7.7, 8.3, 0.0, 0.0, 0.0, 0.0, 0.0, 15.4, 0.0, 0.0, 18.2, 0.0, 25.0, 45.5, 16.7, 15.4]",46.5,100,54,2686627840,719
multi-robot,25,"[0.0, 15.4, 0.0, 0.0, 50.0, 0.0, 0.0, 0.0, 0.0, 7.7, 35.7, 7.7, 27.3, 7.7, 16.7, 15.4]",46.375,100,54,2687660032,709
multi-robot,25,"[7.7, 9.1, 0.0, 0.0, 76.9, 0.0, 28.6, 0.0, 0.0, 0.0, 25.0, 0.0, 7.7, 0.0, 0.0, 21.4]",46.375,100,54,2687660032,709
multi-robot,25,"[8.3, 7.7, 0.0, 0.0, 0.0, 0.0, 54.5, 27.3, 0.0, 0.0, 23.1, 8.3, 8.3, 0.0, 0.0, 15.4]",46.375,100,54,2687660032,709
multi-robot,25,"[8.3, 0.0, 0.0, 0.0, 0.0, 0.0, 0.0, 30.8, 0.0, 0.0, 30.8, 0.0, 66.7, 0.0, 0.0, 8.3]",46.375,100,54,2687660032,709
multi-robot,25,"[0.0, 8.3, 0.0, 0.0, 30.8, 30.0, 30.8, 0.0, 0.0, 25.0, 0.0, 0.0, 16.7, 7.7, 0.0, 0.0]",46.375,100,54,2687660032,709
multi-robot,25,"[15.4, 8.3, 0.0, 0.0, 0.0, 92.9, 0.0, 0.0, 0.0, 23.1, 0.0, 0.0, 0.0, 0.0, 7.7, 0.0]",46.375,100,54,2687660032,709
multi-robot,25,"[8.3, 15.4, 0.0, 7.7, 7.7, 58.3, 0.0, 0.0, 0.0, 16.7, 7.7, 0.0, 0.0, 27.3, 8.3, 0.0]",46.375,100,54,2687660032,709
multi-robot,25,"[8.3, 0.0, 0.0, 0.0, 27.3, 8.3, 0.0, 0.0, 0.0, 25.0, 0.0, 7.7, 8.3, 7.7, 54.5, 25.0]",46.25,100,54,2687918080,709
multi-robot,25,"[8.3, 16.7, 0.0, 0.0, 92.3, 21.4, 0.0, 0.0, 7.7, 8.3, 14.3, 0.0, 0.0, 0.0, 15.4, 0.0]",46.25,100,54,2688401408,709
multi-robot,25,"[15.4, 9.1, 0.0, 0.0, 63.6, 8.3, 7.7, 9.1, 9.1, 0.0, 30.0, 8.3, 0.0, 8.3, 0.0, 0.0]",46.25,100,54,2688659456,709
multi-robot,25,"[0.0, 0.0, 76.9, 0.0, 0.0, 0.0, 0.0, 21.4, 15.4, 7.7, 23.1, 0.0, 0.0, 0.0, 0.0, 30.8]",46.25,100,54,2688651264,709
multi-robot,25,"[0.0, 0.0, 41.7, 7.7, 28.6, 7.1, 0.0, 0.0, 7.7, 0.0, 61.5, 0.0, 0.0, 0.0, 0.0, 0.0]",46.5,100,54,2689155072,709
multi-robot,25,"[15.4, 7.7, 66.7, 0.0, 25.0, 0.0, 0.0, 0.0, 16.7, 8.3, 0.0, 16.7, 0.0, 0.0, 0.0, 0.0]",46.5,100,55,2689155072,709
multi-robot,25,"[0.0, 0.0, 21.4, 8.3, 30.8, 0.0, 0.0, 0.0, 76.9, 7.7, 0.0, 0.0, 0.0, 0.0, 0.0, 0.0]",46.5,100,54,2689155072,709
multi-robot,30,"[14.2, 10.0, 11.6, 13.9, 5.0, 4.1, 2.9, 4.6, 16.1, 17.2, 20.1, 8.2, 6.7, 8.7, 5.5, 4.9]",46.625,100,55,2856611840,717
multi-robot,30,"[8.3, 8.3, 0.0, 7.7, 7.7, 15.4, 0.0, 7.7, 84.6, 15.4, 0.0, 0.0, 0.0, 14.3, 25.0, 0.0]",46.625,100,55,2856611840,717
multi-robot,30,"[0.0, 25.0, 0.0, 8.3, 0.0, 8.3, 0.0, 0.0, 0.0, 0.0, 0.0, 69.2, 0.0, 0.0, 23.1, 0.0]",46.625,100,55,2856611840,717
multi-robot,30,"[0.0, 100.0, 8.3, 0.0, 0.0, 15.4, 0.0, 0.0, 0.0, 0.0, 0.0, 0.0, 0.0, 0.0, 9.1, 15.4]",46.625,100,55,2856869888,717
multi-robot,30,"[0.0, 50.0, 7.7, 0.0, 0.0, 8.3, 0.0, 0.0, 36.4, 0.0, 0.0, 0.0, 7.7, 0.0, 25.0, 0.0]",46.625,100,55,2856869888,717
multi-robot,30,"[0.0, 33.3, 16.7, 33.3, 0.0, 8.3, 0.0, 0.0, 8.3, 0.0, 15.4, 16.7, 0.0, 0.0, 7.7, 23.1]",46.625,100,55,2856869888,717
multi-robot,30,"[0.0, 25.0, 16.7, 14.3, 25.0, 16.7, 0.0, 0.0, 0.0, 0.0, 54.5, 0.0, 7.7, 0.0, 0.0, 8.3]",46.625,100,55,2856869888,717
multi-robot,30,"[0.0, 14.3, 83.3, 0.0, 16.7, 8.3, 0.0, 0.0, 0.0, 0.0, 23.1, 0.0, 0.0, 7.7, 0.0, 15.4]",46.625,100,55,2856869888,717
multi-robot,30,"[0.0, 0.0, 50.0, 0.0, 30.8, 15.4, 0.0, 0.0, 0.0, 50.0, 0.0, 0.0, 0.0, 0.0, 0.0, 15.4]",46.75,100,56,2856869888,717
multi-robot,30,"[0.0, 7.7, 0.0, 33.3, 16.7, 0.0, 0.0, 0.0, 23.1, 50.0, 0.0, 0.0, 0.0, 0.0, 0.0, 21.4]",46.75,100,56,2856869888,717
multi-robot,30,"[7.7, 15.4, 0.0, 7.7, 16.7, 15.4, 0.0, 0.0, 75.0, 8.3, 0.0, 15.4, 7.7, 0.0, 0.0, 27.3]",46.75,100,56,2856869888,717
multi-robot,30,"[0.0, 0.0, 0.0, 0.0, 7.7, 9.1, 0.0, 61.5, 0.0, 0.0, 0.0, 16.7, 0.0, 0.0, 0.0, 41.7]",46.875,100,56,2856869888,717
multi-robot,30,"[0.0, 15.4, 0.0, 0.0, 0.0, 14.3, 0.0, 16.7, 0.0, 0.0, 0.0, 23.1, 46.2, 23.1, 0.0, 23.1]",46.75,100,56,2856869888,717
multi-robot,30,"[0.0, 0.0, 8.3, 0.0, 0.0, 9.1, 0.0, 0.0, 0.0, 0.0, 0.0, 16.7, 36.4, 23.1, 10.0, 16.7]",46.75,100,56,2856869888,717
multi-robot,30,"[0.0, 0.0, 0.0, 0.0, 0.0, 7.7, 15.4, 16.7, 0.0, 0.0, 0.0, 30.8, 0.0, 0.0, 0.0, 71.4]",46.875,100,56,2856869888,717
multi-robot,30,"[0.0, 0.0, 8.3, 0.0, 16.7, 0.0, 66.7, 0.0, 0.0, 0.0, 0.0, 23.1, 15.4, 41.7, 0.0, 0.0]",46.875,100,56,2856869888,717
multi-robot,30,"[7.7, 14.3, 0.0, 0.0, 15.4, 0.0, 0.0, 0.0, 0.0, 0.0, 0.0, 9.1, 15.4, 92.3, 0.0, 0.0]",46.875,100,56,2856869888,717
multi-robot,30,"[0.0, 0.0, 7.7, 0.0, 14.3, 0.0, 0.0, 0.0, 0.0, 0.0, 0.0, 23.1, 8.3, 100.0, 15.4, 0.0]",46.875,100,56,2856869888,717
multi-robot,30,"[23.1, 0.0, 0.0, 7.7, 33.3, 0.0, 7.7, 16.7, 0.0, 0.0, 0.0, 0.0, 7.7, 25.0, 23.1, 16.7]",46.875,100,56,2856869888,717
multi-robot,30,"[16.7, 7.7, 0.0, 0.0, 0.0, 0.0, 0.0, 100.0, 7.7, 14.3, 0.0, 7.7, 0.0, 8.3, 21.4, 0.0]",47.0,100,56,2856869888,717
multi-robot,40,"[12.3, 11.5, 14.5, 19.7, 15.6, 13.9, 16.0, 12.0, 10.6, 11.4, 10.4, 10.3, 10.2, 12.7, 14.5, 11.6]",47.625,100,53,3241549824,719
multi-robot,40,"[0.0, 0.0, 0.0, 0.0, 0.0, 9.1, 0.0, 0.0, 8.3, 100.0, 0.0, 0.0, 8.3, 0.0, 0.0, 15.4]",47.5,100,53,3241549824,719
multi-robot,40,"[0.0, 8.3, 0.0, 0.0, 0.0, 21.4, 0.0, 0.0, 0.0, 0.0, 7.7, 100.0, 8.3, 0.0, 0.0, 16.7]",47.5,100,53,3241549824,719
multi-robot,40,"[7.7, 8.3, 15.4, 0.0, 0.0, 21.4, 7.7, 0.0, 14.3, 7.7, 0.0, 91.7, 16.7, 0.0, 0.0, 16.7]",47.5,100,53,3241549824,719
multi-robot,40,"[0.0, 8.3, 50.0, 0.0, 0.0, 21.4, 0.0, 0.0, 0.0, 0.0, 0.0, 50.0, 7.7, 0.0, 0.0, 8.3]",47.375,100,53,3241549824,719
multi-robot,40,"[0.0, 7.7, 15.4, 0.0, 0.0, 8.3, 0.0, 0.0, 0.0, 0.0, 0.0, 83.3, 16.7, 0.0, 0.0, 23.1]",47.5,100,53,3241549824,719
multi-robot,40,"[0.0, 8.3, 66.7, 14.3, 7.7, 0.0, 0.0, 8.3, 0.0, 0.0, 0.0, 33.3, 8.3, 7.7, 0.0, 9.1]",47.5,100,53,3241549824,719
multi-robot,40,"[0.0, 0.0, 0.0, 0.0, 0.0, 33.3, 0.0, 25.0, 0.0, 0.0, 0.0, 0.0, 15.4, 0.0, 41.7, 21.4]",47.375,100,53,3241549824,719
multi-robot,40,"[0.0, 0.0, 8.3, 0.0, 0.0, 27.3, 0.0, 0.0, 0.0, 0.0, 0.0, 0.0, 0.0, 0.0, 66.7, 9.1]",47.375,100,53,3241549824,719
multi-robot,40,"[7.7, 0.0, 8.3, 0.0, 0.0, 23.1, 7.7, 0.0, 0.0, 0.0, 15.4, 7.7, 15.4, 7.1, 78.6, 15.4]",47.375,100,54,3241549824,719
multi-robot,40,"[0.0, 7.7, 8.3, 0.0, 58.3, 0.0, 0.0, 0.0, 0.0, 0.0, 0.0, 15.4, 8.3, 16.7, 0.0, 53.8]",47.375,100,53,3241549824,719
multi-robot,40,"[7.7, 0.0, 0.0, 8.3, 53.8, 0.0, 7.7, 38.5, 0.0, 0.0, 0.0, 21.4, 0.0, 9.1, 0.0, 16.7]",47.375,100,54,3242024960,719
multi-robot,40,"[7.7, 0.0, 0.0, 7.7, 0.0, 0.0, 0.0, 100.0, 0.0, 0.0, 0.0, 8.3, 0.0, 15.4, 0.0, 16.7]",47.5,100,54,3242024960,719
multi-robot,40,"[0.0, 7.7, 7.7, 0.0, 0.0, 8.3, 7.7, 72.7, 0.0, 0.0, 7.7, 0.0, 7.7, 30.8, 0.0, 16.7]",47.5,100,54,3242024960,719
multi-robot,40,"[0.0, 0.0, 0.0, 7.7, 0.0, 0.0, 0.0, 92.3, 7.7, 7.7, 0.0, 0.0, 0.0, 0.0, 7.7, 16.7]",47.625,100,54,3242024960,719
multi-robot,40,"[0.0, 7.1, 0.0, 8.3, 16.7, 0.0, 7.7, 7.7, 0.0, 0.0, 0.0, 0.0, 0.0, 8.3, 0.0, 100.0]",47.625,100,54,3242278912,719
multi-robot,40,"[0.0, 0.0, 7.7, 8.3, 16.7, 33.3, 41.7, 0.0, 0.0, 0.0, 0.0, 15.4, 7.7, 21.4, 0.0, 30.8]",47.5,100,54,3242278912,719
multi-robot,40,"[0.0, 7.7, 0.0, 0.0, 15.4, 0.0, 18.2, 15.4, 8.3, 8.3, 0.0, 15.4, 0.0, 15.4, 78.6, 0.0]",47.5,100,54,3242536960,719
multi-robot,40,"[7.7, 0.0, 0.0, 7.7, 16.7, 7.7, 33.3, 14.3, 0.0, 7.7, 7.7, 0.0, 14.3, 0.0, 66.7, 0.0]",47.5,100,54,3242536960,719
multi-robot,40,"[0.0, 7.7, 0.0, 15.4, 8.3, 8.3, 15.4, 0.0, 0.0, 0.0, 7.7, 0.0, 0.0, 15.4, 90.9, 0.0]",47.5,100,54,3242536960,719
multi-robot,50,"[18.8, 24.4, 21.2, 25.6, 14.0, 13.5, 16.9, 14.0, 16.8, 19.7, 23.3, 22.3, 16.0, 13.3, 14.4, 14.1]",58.0,100,54,3612209152,737
multi-robot,50,"[0.0, 0.0, 16.7, 8.3, 8.3, 0.0, 66.7, 25.0, 0.0, 7.7, 7.7, 7.7, 8.3, 0.0, 0.0, 8.3]",57.75,100,54,3612209152,737
multi-robot,50,"[7.7, 15.4, 16.7, 16.7, 0.0, 7.7, 7.7, 75.0, 0.0, 0.0, 7.7, 0.0, 7.7, 0.0, 8.3, 23.1]",57.625,100,54,3612209152,737
multi-robot,50,"[0.0, 7.7, 15.4, 8.3, 0.0, 0.0, 7.7, 91.7, 0.0, 0.0, 0.0, 0.0, 0.0, 7.7, 21.4, 16.7]",57.375,100,54,3612209152,737
multi-robot,50,"[0.0, 15.4, 8.3, 15.4, 0.0, 0.0, 0.0, 23.1, 7.7, 0.0, 0.0, 0.0, 0.0, 33.3, 53.8, 7.7]",57.25,100,54,3612209152,737
multi-robot,50,"[0.0, 0.0, 9.1, 9.1, 0.0, 8.3, 0.0, 0.0, 0.0, 14.3, 0.0, 0.0, 38.5, 0.0, 66.7, 15.4]",57.0,100,54,3612209152,737
multi-robot,50,"[7.1, 21.4, 14.3, 14.3, 7.1, 0.0, 61.5, 28.6, 7.1, 0.0, 0.0, 0.0, 0.0, 0.0, 23.1, 0.0]",56.75,100,54,3612209152,737
multi-robot,50,"[0.0, 0.0, 16.7, 0.0, 0.0, 16.7, 0.0, 83.3, 8.3, 0.0, 7.7, 0.0, 0.0, 0.0, 0.0, 0.0]",56.625,100,54,3612209152,737
multi-robot,50,"[0.0, 7.7, 23.1, 16.7, 0.0, 53.8, 36.4, 8.3, 0.0, 0.0, 0.0, 0.0, 0.0, 0.0, 0.0, 0.0]",56.375,100,54,3612688384,737
multi-robot,50,"[0.0, 0.0, 9.1, 21.4, 33.3, 0.0, 0.0, 66.7, 0.0, 0.0, 0.0, 7.7, 0.0, 7.7, 0.0, 0.0]",56.25,100,54,3612688384,737
multi-robot,50,"[0.0, 0.0, 16.7, 8.3, 0.0, 7.7, 0.0, 91.7, 7.7, 0.0, 0.0, 0.0, 8.3, 7.7, 0.0, 7.7]",56.0,100,55,3612917760,737
multi-robot,50,"[7.7, 0.0, 8.3, 9.1, 0.0, 0.0, 15.4, 0.0, 8.3, 0.0, 0.0, 0.0, 61.5, 0.0, 0.0, 36.4]",55.875,100,55,3612917760,737
multi-robot,50,"[0.0, 0.0, 8.3, 15.4, 0.0, 0.0, 14.3, 57.1, 0.0, 0.0, 0.0, 0.0, 27.3, 0.0, 7.7, 7.7]",55.625,100,55,3612917760,737
multi-robot,50,"[0.0, 7.7, 21.4, 15.4, 7.7, 0.0, 7.7, 7.7, 8.3, 0.0, 0.0, 0.0, 100.0, 0.0, 23.1, 7.7]",55.5,100,55,3612917760,737
multi-robot,50,"[0.0, 0.0, 9.1, 8.3, 0.0, 0.0, 0.0, 0.0, 0.0, 7.7, 0.0, 7.7, 33.3, 66.7, 15.4, 0.0]",55.25,100,55,3612917760,737
multi-robot,50,"[8.3, 0.0, 23.1, 8.3, 7.7, 0.0, 0.0, 63.6, 15.4, 0.0, 0.0, 0.0, 7.7, 38.5, 0.0, 15.4]",55.125,100,55,3612917760,737
multi-robot,50,"[0.0, 8.3, 15.4, 8.3, 91.7, 8.3, 0.0, 7.7, 0.0, 7.7, 0.0, 0.0, 0.0, 0.0, 7.7, 0.0]",54.875,100,55,3612917760,737
multi-robot,50,"[0.0, 7.7, 16.7, 8.3, 100.0, 0.0, 0.0, 0.0, 0.0, 0.0, 0.0, 0.0, 0.0, 0.0, 7.7, 0.0]",54.75,100,55,3612917760,737
multi-robot,50,"[0.0, 0.0, 0.0, 16.7, 8.3, 0.0, 90.9, 0.0, 15.4, 0.0, 0.0, 0.0, 0.0, 0.0, 0.0, 0.0]",54.5,100,55,3612917760,737
multi-robot,50,"[0.0, 0.0, 8.3, 8.3, 7.7, 0.0, 50.0, 45.5, 0.0, 0.0, 0.0, 0.0, 0.0, 0.0, 0.0, 0.0]",54.375,100,55,3612917760,737
multi-robot,60,"[19.5, 25.3, 24.9, 19.8, 23.3, 18.8, 19.1, 19.1, 20.2, 30.0, 20.9, 21.5, 21.4, 16.7, 16.9, 17.6]",53.5,100,54,4015947776,747
multi-robot,60,"[0.0, 0.0, 20.0, 7.7, 0.0, 50.0, 0.0, 8.3, 0.0, 0.0, 0.0, 9.1, 0.0, 16.7, 53.8, 0.0]",53.375,100,54,4015947776,737
multi-robot,60,"[0.0, 7.7, 8.3, 0.0, 0.0, 66.7, 0.0, 0.0, 0.0, 0.0, 7.7, 0.0, 14.3, 15.4, 27.3, 7.7]",53.125,100,54,4016193536,737
multi-robot,60,"[0.0, 0.0, 23.1, 0.0, 0.0, 63.6, 42.9, 0.0, 7.7, 0.0, 0.0, 0.0, 0.0, 15.4, 0.0, 0.0]",53.0,100,54,4016193536,737
multi-robot,60,"[7.7, 0.0, 15.4, 0.0, 0.0, 92.9, 0.0, 0.0, 0.0, 0.0, 0.0, 16.7, 14.3, 8.3, 0.0, 0.0]",52.75,100,54,4016193536,737
multi-robot,60,"[0.0, 0.0, 9.1, 0.0, 0.0, 0.0, 0.0, 0.0, 0.0, 7.7, 7.7, 0.0, 0.0, 15.4, 100.0, 0.0]",52.625,100,54,4016193536,737
multi-robot,60,"[0.0, 0.0, 0.0, 15.4, 0.0, 41.7, 0.0, 7.7, 0.0, 0.0, 15.4, 7.7, 8.3, 9.1, 58.3, 0.0]",52.375,100,54,4016193536,737
multi-robot,60,"[0.0, 7.7, 15.4, 8.3, 41.7, 41.7, 0.0, 18.2, 0.0, 0.0, 0.0, 21.4, 7.7, 15.4, 0.0, 0.0]",52.25,100,54,4016193536,737
multi-robot,60,"[0.0, 0.0, 15.4, 0.0, 0.0, 7.7, 7.7, 92.3, 7.7, 0.0, 0.0, 0.0, 8.3, 15.4, 0.0, 8.3]",52.0,100,54,4016193536,737
multi-robot,60,"[0.0, 0.0, 8.3, 0.0, 30.8, 0.0, 0.0, 7.7, 0.0, 7.7, 0.0, 8.3, 0.0, 8.3, 0.0, 66.7]",51.875,100,54,4016193536,737
multi-robot,60,"[0.0, 0.0, 16.7, 7.7, 100.0, 0.0, 0.0, 0.0, 0.0, 0.0, 0.0, 0.0, 8.3, 16.7, 0.0, 8.3]",51.625,100,54,4016193536,737
multi-robot,60,"[7.7, 7.1, 16.7, 0.0, 33.3, 41.7, 27.3, 0.0, 7.7, 8.3, 7.7, 7.7, 9.1, 0.0, 0.0, 7.7]",51.5,100,54,4016193536,737
multi-robot,60,"[0.0, 0.0, 0.0, 7.7, 0.0, 0.0, 25.0, 38.5, 0.0, 15.4, 0.0, 0.0, 8.3, 16.7, 35.7, 8.3]",51.25,100,54,4016193536,737
multi-robot,60,"[0.0, 0.0, 0.0, 8.3, 0.0, 33.3, 25.0, 0.0, 0.0, 8.3, 0.0, 8.3, 33.3, 8.3, 0.0, 0.0]",51.125,100,55,4016193536,737
multi-robot,60,"[0.0, 0.0, 0.0, 23.1, 7.7, 91.7, 21.4, 7.7, 7.7, 23.1, 0.0, 7.7, 0.0, 21.4, 0.0, 14.3]",51.0,100,55,4016193536,737
multi-robot,60,"[0.0, 0.0, 7.7, 36.4, 0.0, 35.7, 0.0, 0.0, 0.0, 14.3, 7.7, 0.0, 42.9, 0.0, 21.4, 0.0]",50.875,100,55,4016193536,737
multi-robot,60,"[0.0, 0.0, 8.3, 92.3, 0.0, 7.7, 0.0, 0.0, 7.7, 15.4, 0.0, 0.0, 0.0, 15.4, 0.0, 0.0]",50.625,100,55,4016193536,737
multi-robot,60,"[8.3, 15.4, 23.1, 75.0, 8.3, 0.0, 15.4, 0.0, 8.3, 15.4, 0.0, 33.3, 8.3, 9.1, 0.0, 15.4]",50.5,100,55,4016439296,737
multi-robot,60,"[7.7, 0.0, 90.9, 10.0, 0.0, 7.7, 0.0, 0.0, 0.0, 0.0, 0.0, 0.0, 0.0, 16.7, 8.3, 0.0]",50.25,100,55,4016439296,737
multi-robot,60,"[0.0, 0.0, 100.0, 9.1, 8.3, 0.0, 0.0, 8.3, 0.0, 7.7, 0.0, 8.3, 0.0, 9.1, 0.0, 0.0]",50.125,100,55,4015693824,737
multi-robot,80,"[31.5, 37.4, 36.0, 38.0, 30.9, 32.5, 30.1, 30.3, 30.7, 44.7, 32.0, 39.0, 30.4, 29.5, 31.9, 30.2]",47.875,100,54,4972830720,753
multi-robot,80,"[15.4, 7.7, 50.0, 7.7, 9.1, 0.0, 0.0, 0.0, 14.3, 7.7, 21.4, 50.0, 0.0, 14.3, 0.0, 7.7]",47.875,100,54,4973088768,753
multi-robot,80,"[15.4, 0.0, 58.3, 0.0, 15.4, 7.7, 7.7, 0.0, 0.0, 15.4, 0.0, 45.5, 7.7, 0.0, 0.0, 0.0]",47.875,100,54,4973088768,753
multi-robot,80,"[8.3, 0.0, 0.0, 50.0, 7.7, 0.0, 15.4, 0.0, 46.2, 0.0, 7.7, 14.3, 0.0, 0.0, 0.0, 0.0]",47.875,100,54,4973088768,753
multi-robot,80,"[91.7, 8.3, 0.0, 0.0, 0.0, 0.0, 8.3, 8.3, 9.1, 0.0, 0.0, 0.0, 0.0, 7.7, 0.0, 0.0]",47.75,100,54,4973080576,753
multi-robot,80,"[16.7, 23.1, 53.8, 0.0, 0.0, 0.0, 23.1, 0.0, 0.0, 7.7, 33.3, 0.0, 7.7, 0.0, 0.0, 0.0]",47.75,100,54,4973080576,753
multi-robot,80,"[0.0, 16.7, 0.0, 7.7, 0.0, 0.0, 0.0, 0.0, 15.4, 0.0, 72.7, 25.0, 0.0, 0.0, 14.3, 0.0]",47.75,100,54,4973080576,753
multi-robot,80,"[7.7, 23.1, 0.0, 25.0, 7.7, 0.0, 7.7, 7.7, 0.0, 15.4, 57.1, 30.8, 9.1, 0.0, 0.0, 0.0]",47.75,100,54,4973080576,753
multi-robot,80,"[0.0, 9.1, 0.0, 33.3, 0.0, 0.0, 0.0, 0.0, 66.7, 0.0, 16.7, 0.0, 7.7, 0.0, 0.0, 0.0]",47.75,100,54,4973080576,753
multi-robot,80,"[7.1, 53.8, 53.8, 0.0, 0.0, 7.7, 7.7, 25.0, 46.2, 8.3, 14.3, 0.0, 0.0, 8.3, 0.0, 7.1]",47.75,100,55,4973080576,753
multi-robot,80,"[0.0, 61.5, 8.3, 0.0, 0.0, 0.0, 8.3, 16.7, 100.0, 8.3, 0.0, 0.0, 0.0, 15.4, 7.7, 0.0]",47.75,100,55,4973080576,753
multi-robot,80,"[21.4, 30.8, 7.7, 58.3, 0.0, 0.0, 7.7, 23.1, 7.7, 61.5, 0.0, 15.4, 23.1, 0.0, 0.0, 7.7]",47.75,100,54,4976091136,753
multi-robot,80,"[16.7, 0.0, 0.0, 91.7, 0.0, 0.0, 8.3, 0.0, 0.0, 0.0, 16.7, 28.6, 9.1, 8.3, 0.0, 8.3]",47.75,100,54,4976091136,753
multi-robot,80,"[15.4, 33.3, 50.0, 8.3, 7.7, 7.7, 0.0, 0.0, 0.0, 0.0, 16.7, 9.1, 8.3, 0.0, 0.0, 7.7]",47.75,100,55,4976599040,753
multi-robot,80,"[16.7, 18.2, 0.0, 0.0, 0.0, 0.0, 7.7, 21.4, 8.3, 15.4, 25.0, 85.7, 7.7, 7.7, 7.7, 8.3]",47.75,100,55,4976828416,753
multi-robot,80,"[9.1, 0.0, 0.0, 8.3, 15.4, 0.0, 0.0, 9.1, 0.0, 8.3, 8.3, 100.0, 7.7, 0.0, 0.0, 0.0]",47.75,100,55,4976828416,753
multi-robot,80,"[23.1, 15.4, 76.9, 15.4, 9.1, 7.7, 0.0, 23.1, 7.7, 0.0, 46.2, 25.0, 0.0, 0.0, 0.0, 0.0]",47.875,100,55,4976828416,753
multi-robot,80,"[15.4, 15.4, 38.5, 15.4, 7.7, 0.0, 0.0, 8.3, 0.0, 0.0, 76.9, 7.7, 0.0, 0.0, 0.0, 0.0]",48.0,100,55,4976828416,753
multi-robot,80,"[16.7, 0.0, 8.3, 8.3, 0.0, 0.0, 0.0, 7.7, 0.0, 0.0, 100.0, 0.0, 9.1, 0.0, 0.0, 0.0]",48.0,100,55,4976828416,753
multi-robot,80,"[8.3, 58.3, 7.7, 8.3, 7.1, 0.0, 7.7, 0.0, 7.7, 7.7, 46.2, 8.3, 8.3, 0.0, 7.7, 7.7]",48.0,100,55,4976828416,753
multi-robot,100,"[50.3, 51.5, 47.4, 48.2, 57.8, 50.0, 50.6, 53.7, 48.3, 46.7, 48.4, 48.1, 59.1, 49.2, 47.1, 48.9]",46.75,100,49,5995749376,756
multi-robot,100,"[0.0, 23.1, 14.3, 33.3, 7.7, 14.3, 21.4, 0.0, 8.3, 18.2, 16.7, 7.7, 100.0, 0.0, 7.7, 0.0]",46.625,100,49,5996261376,756
multi-robot,100,"[0.0, 0.0, 9.1, 16.7, 0.0, 8.3, 0.0, 0.0, 0.0, 8.3, 9.1, 0.0, 100.0, 0.0, 0.0, 0.0]",46.625,100,49,5996503040,756
multi-robot,100,"[0.0, 8.3, 23.1, 33.3, 8.3, 0.0, 20.0, 7.7, 0.0, 7.7, 16.7, 0.0, 15.4, 61.5, 0.0, 7.7]",46.5,100,49,5996503040,756
multi-robot,100,"[0.0, 8.3, 36.4, 16.7, 0.0, 0.0, 41.7, 21.4, 7.7, 8.3, 15.4, 0.0, 0.0, 61.5, 0.0, 0.0]",46.5,100,49,5996503040,756
multi-robot,100,"[7.7, 0.0, 33.3, 28.6, 0.0, 0.0, 7.7, 0.0, 18.2, 0.0, 27.3, 8.3, 7.7, 100.0, 0.0, 7.7]",46.5,100,49,5996503040,756
multi-robot,100,"[7.7, 0.0, 8.3, 16.7, 7.7, 0.0, 7.7, 16.7, 16.7, 0.0, 23.1, 21.4, 0.0, 38.5, 63.6, 8.3]",46.5,100,50,5996503040,756
multi-robot,100,"[9.1, 15.4, 0.0, 7.7, 0.0, 8.3, 15.4, 92.9, 16.7, 7.7, 7.7, 9.1, 0.0, 7.7, 7.7, 0.0]",46.5,100,50,5996498944,756
multi-robot,100,"[16.7, 7.7, 14.3, 0.0, 0.0, 0.0, 23.1, 100.0, 23.1, 0.0, 0.0, 18.2, 0.0, 0.0, 8.3, 7.7]",46.5,100,50,5996498944,756
multi-robot,100,"[23.1, 8.3, 0.0, 0.0, 0.0, 8.3, 0.0, 45.5, 25.0, 7.7, 7.7, 15.4, 53.8, 0.0, 7.7, 0.0]",46.5,100,50,5997531136,756
multi-robot,100,"[23.1, 0.0, 0.0, 0.0, 0.0, 30.8, 8.3, 0.0, 0.0, 8.3, 0.0, 25.0, 75.0, 8.3, 0.0, 7.7]",46.5,100,50,5998006272,756
multi-robot,100,"[9.1, 0.0, 0.0, 0.0, 0.0, 100.0, 15.4, 0.0, 15.4, 0.0, 0.0, 8.3, 0.0, 0.0, 0.0, 0.0]",46.5,100,50,5998006272,756
multi-robot,100,"[7.7, 15.4, 8.3, 16.7, 15.4, 33.3, 0.0, 15.4, 33.3, 0.0, 8.3, 18.2, 0.0, 58.3, 8.3, 7.7]",46.5,100,50,5998006272,756
multi-robot,100,"[0.0, 8.3, 0.0, 38.5, 0.0, 38.5, 14.3, 0.0, 53.8, 15.4, 8.3, 15.4, 8.3, 66.7, 8.3, 0.0]",46.5,100,50,5998006272,756
multi-robot,100,"[0.0, 7.7, 7.7, 15.4, 0.0, 54.5, 0.0, 21.4, 0.0, 0.0, 7.7, 0.0, 0.0, 46.2, 8.3, 0.0]",46.5,100,50,5998006272,756
multi-robot,100,"[8.3, 8.3, 0.0, 16.7, 0.0, 16.7, 69.2, 16.7, 8.3, 0.0, 0.0, 0.0, 7.7, 16.7, 15.4, 0.0]",46.5,100,50,5998006272,756
multi-robot,100,"[0.0, 9.1, 25.0, 15.4, 0.0, 46.2, 8.3, 0.0, 7.7, 0.0, 8.3, 0.0, 0.0, 58.3, 0.0, 0.0]",46.5,100,50,5998006272,756
multi-robot,100,"[7.7, 8.3, 0.0, 16.7, 7.7, 0.0, 25.0, 8.3, 16.7, 8.3, 8.3, 7.7, 7.7, 100.0, 7.7, 15.4]",46.5,100,50,5998006272,756
multi-robot,100,"[7.7, 8.3, 25.0, 0.0, 0.0, 8.3, 15.4, 21.4, 8.3, 7.7, 14.3, 8.3, 0.0, 100.0, 8.3, 7.7]",46.5,100,50,5998006272,756
multi-robot,100,"[8.3, 7.7, 50.0, 7.7, 0.0, 7.7, 8.3, 8.3, 0.0, 0.0, 16.7, 7.7, 0.0, 100.0, 7.7, 0.0]",46.5,100,50,5998002176,756
multi-robot,120,"[52.2, 52.6, 53.4, 52.9, 56.8, 55.5, 74.1, 58.7, 51.5, 52.4, 52.5, 52.1, 53.9, 54.9, 58.8, 53.4]",49.125,100,51,7050895360,780
multi-robot,120,"[25.0, 8.3, 0.0, 0.0, 15.4, 0.0, 7.7, 100.0, 0.0, 30.8, 16.7, 8.3, 0.0, 7.7, 28.6, 8.3]",49.125,100,51,7055785984,781
multi-robot,120,"[15.4, 0.0, 7.7, 0.0, 0.0, 0.0, 8.3, 46.2, 7.7, 0.0, 23.1, 0.0, 8.3, 8.3, 0.0, 58.3]",49.125,100,51,7055785984,781
multi-robot,120,"[25.0, 7.7, 7.7, 9.1, 8.3, 15.4, 28.6, 7.7, 7.7, 16.7, 28.6, 76.9, 14.3, 7.7, 8.3, 16.7]",49.0,100,51,7055785984,781
multi-robot,120,"[15.4, 0.0, 0.0, 61.5, 0.0, 0.0, 10.0, 0.0, 0.0, 16.7, 0.0, 41.7, 0.0, 7.7, 0.0, 7.7]",49.0,100,51,7056027648,771
multi-robot,120,"[8.3, 0.0, 0.0, 0.0, 16.7, 0.0, 28.6, 7.7, 0.0, 38.5, 0.0, 100.0, 7.7, 0.0, 0.0, 0.0]",49.0,100,51,7056027648,771
multi-robot,120,"[25.0, 15.4, 8.3, 15.4, 7.7, 0.0, 30.8, 8.3, 21.4, 45.5, 15.4, 92.3, 8.3, 7.7, 7.7, 14.3]",49.0,100,51,7056027648,771
multi-robot,120,"[23.1, 0.0, 7.7, 53.8, 0.0, 8.3, 9.1, 7.7, 8.3, 35.7, 8.3, 50.0, 0.0, 0.0, 7.7, 0.0]",49.0,100,51,7056027648,771
multi-robot,120,"[16.7, 7.7, 0.0, 100.0, 0.0, 0.0, 16.7, 0.0, 7.7, 50.0, 7.7, 8.3, 8.3, 0.0, 0.0, 0.0]",49.0,100,51,7056027648,771
multi-robot,120,"[9.1, 0.0, 0.0, 61.5, 0.0, 7.7, 8.3, 7.7, 8.3, 30.8, 0.0, 41.7, 8.3, 0.0, 0.0, 0.0]",49.0,100,51,7056273408,771
multi-robot,120,"[16.7, 0.0, 69.2, 0.0, 0.0, 7.7, 0.0, 16.7, 9.1, 36.4, 9.1, 33.3, 8.3, 7.7, 7.7, 7.7]",48.875,100,51,7056273408,771
multi-robot,120,"[28.6, 7.7, 84.6, 0.0, 7.7, 15.4, 8.3, 0.0, 7.7, 28.6, 9.1, 15.4, 8.3, 8.3, 8.3, 15.4]",48.875,100,52,7056273408,771
multi-robot,120,"[9.1, 0.0, 33.3, 7.7, 8.3, 0.0, 23.1, 0.0, 8.3, 30.8, 69.2, 0.0, 7.7, 0.0, 0.0, 0.0]",48.875,100,52,7056265216,771
multi-robot,120,"[16.7, 30.8, 100.0, 40.0, 8.3, 0.0, 20.0, 15.4, 0.0, 15.4, 9.1, 9.1, 18.2, 9.1, 0.0, 0.0]",48.875,100,52,7056781312,771
multi-robot,120,"[9.1, 18.2, 100.0, 38.5, 0.0, 0.0, 7.7, 23.1, 8.3, 9.1, 8.3, 8.3, 8.3, 0.0, 8.3, 0.0]",48.875,100,52,7057297408,771
multi-robot,120,"[15.4, 8.3, 100.0, 15.4, 7.7, 8.3, 8.3, 16.7, 16.7, 9.1, 7.7, 33.3, 18.2, 15.4, 0.0, 15.4]",48.875,100,52,7057297408,771
multi-robot,120,"[16.7, 25.0, 91.7, 16.7, 21.4, 15.4, 15.4, 7.7, 0.0, 15.4, 16.7, 41.7, 28.6, 30.8, 15.4, 8.3]",48.875,100,52,7057293312,771
multi-robot,120,"[8.3, 15.4, 100.0, 7.7, 0.0, 16.7, 8.3, 0.0, 15.4, 16.7, 15.4, 25.0, 0.0, 8.3, 0.0, 8.3]",48.875,100,52,7058067456,771
multi-robot,120,"[9.1, 0.0, 16.7, 8.3, 91.7, 8.3, 23.1, 7.7, 8.3, 16.7, 8.3, 46.2, 15.4, 0.0, 8.3, 8.3]",48.875,100,52,7058067456,771
multi-robot,120,"[25.0, 8.3, 8.3, 0.0, 18.2, 0.0, 16.7, 27.3, 8.3, 16.7, 18.2, 36.4, 78.6, 0.0, 15.4, 15.4]",48.75,100,52,7058063360,771